# {'participant': 'toni', 'session': 'baseline', 'EEG': 'Yes', 'date': '2022_Feb_08_1834', 'expName': 'FT-RSGT-rTMS', 'frameRate': 60.04881091611103}
condition,block_num,subj, EEG,trial,time, stimulus, response
baseline_7,7,toni,True,0,0.0001682780,stimulus,
baseline_7,7,toni, True,0,0.2623779690,tap,l
baseline_7,7,toni, True,0,0.7423726780,tap,l
baseline_7,7,toni,True,1,0.7502089560,stimulus,
baseline_7,7,toni, True,1,1.4782630760,tap,l
baseline_7,7,toni,True,2,1.5003580480,stimulus,
baseline_7,7,toni, True,2,2.2143726490,tap,s
baseline_7,7,toni,True,3,2.2504723660,stimulus,
baseline_7,7,toni, True,3,2.8943519780,tap,l
baseline_7,7,toni,True,4,3.0006103840,stimulus,
baseline_7,7,toni, True,4,3.7105415650,tap,l
baseline_7,7,toni,True,5,3.7506796180,stimulus,
baseline_7,7,toni,True,6,4.5008034140,stimulus,
baseline_7,7,toni, True,6,4.5422885320,tap,l
baseline_7,7,toni, True,6,5.2145026380,tap,s
baseline_7,7,toni,True,7,5.2509242680,stimulus,
baseline_7,7,toni, True,7,5.9344684560,tap,l
baseline_7,7,toni,True,8,6.0010685430,stimulus,
baseline_7,7,toni, True,8,6.7346792870,tap,l
baseline_7,7,toni,True,9,6.7511908980,stimulus,
baseline_7,7,toni, True,9,7.4544118460,tap,l
baseline_7,7,toni,True,10,7.5016828090,stimulus,
baseline_7,7,toni, True,10,8.2304723580,tap,l
baseline_7,7,toni,True,11,8.2518091610,stimulus,
baseline_7,7,toni,True,12,9.0018979390,stimulus,
baseline_7,7,toni, True,12,9.0062955460,tap,s
baseline_7,7,toni, True,12,9.6703031000,tap,l
baseline_7,7,toni,True,13,9.7520231890,stimulus,
baseline_7,7,toni,True,14,10.5021598890,stimulus,
baseline_7,7,toni, True,14,10.5503506290,tap,s
baseline_7,7,toni,True,15,11.2522917950,stimulus,
baseline_7,7,toni, True,15,11.2786050730,tap,l
baseline_7,7,toni, True,15,11.9422191590,tap,s
baseline_7,7,toni,True,16,12.0023450610,stimulus,
baseline_7,7,toni,True,17,12.7524047170,stimulus,
baseline_7,7,toni, True,17,12.7583746110,tap,s
baseline_7,7,toni, True,17,13.5024438620,tap,l
baseline_7,7,toni,True,18,13.5027141540,stimulus,
baseline_7,7,toni, True,18,14.2383950680,tap,s
baseline_7,7,toni,True,19,14.2528618720,stimulus,
baseline_7,7,toni, True,19,14.9662461960,tap,s
baseline_7,7,toni,True,20,15.0029072470,stimulus,
baseline_7,7,toni,True,21,15.7530349040,stimulus,
baseline_7,7,toni, True,21,15.7745080370,tap,l
baseline_7,7,toni, True,21,16.4863198390,tap,s
baseline_7,7,toni,True,22,16.5032107860,stimulus,
baseline_7,7,toni, True,22,17.2386074150,tap,s
baseline_7,7,toni,True,23,17.2533065430,stimulus,
baseline_7,7,toni, True,23,17.9584249190,tap,s
baseline_7,7,toni,True,24,18.0034612350,stimulus,
baseline_7,7,toni, True,24,18.7263992540,tap,l
baseline_7,7,toni,True,25,18.7535551530,stimulus,
baseline_7,7,toni,True,26,19.5036430370,stimulus,
baseline_7,7,toni, True,26,19.5263654660,tap,l
baseline_7,7,toni, True,26,20.2464903440,tap,s
baseline_7,7,toni,True,27,20.2537101140,stimulus,
baseline_7,7,toni,True,28,21.0038458900,stimulus,
baseline_7,7,toni, True,28,21.0066325390,tap,l
baseline_7,7,toni, True,28,21.7264187550,tap,l
baseline_7,7,toni,True,29,21.7539405480,stimulus,
baseline_7,7,toni, True,29,22.5022681200,tap,s
baseline_7,7,toni,True,30,22.5040147090,stimulus,
baseline_7,7,toni, True,30,23.2386105590,tap,l
baseline_7,7,toni,True,31,23.2541023020,stimulus,
baseline_7,7,toni, True,31,23.9266204740,tap,s
baseline_7,7,toni,True,32,24.0042598970,stimulus,
baseline_7,7,toni, True,32,24.6783551780,tap,s
baseline_7,7,toni,True,33,24.7543651550,stimulus,
baseline_7,7,toni, True,33,25.4623822790,tap,s
baseline_7,7,toni,True,34,25.5045066020,stimulus,
baseline_7,7,toni, True,34,26.2543223270,tap,l
baseline_7,7,toni,True,35,26.2546753100,stimulus,
baseline_7,7,toni, True,35,26.9424032970,tap,s
baseline_7,7,toni,True,36,27.0048286790,stimulus,
baseline_7,7,toni, True,36,27.7343595960,tap,l
baseline_7,7,toni,True,37,27.7548809880,stimulus,
baseline_7,7,toni, True,37,28.4783357350,tap,l
baseline_7,7,toni,True,38,28.5050130040,stimulus,
baseline_7,7,toni, True,38,29.2145512710,tap,s
baseline_7,7,toni,True,39,29.2551020170,stimulus,
baseline_7,7,toni, True,39,29.9904554260,tap,l
baseline_7,7,toni,True,40,30.0052249320,stimulus,
baseline_7,7,toni, True,40,30.7424427460,tap,l
baseline_7,7,toni,True,41,30.7552738530,stimulus,
baseline_7,7,toni, True,41,31.4468289860,tap,s
baseline_7,7,toni,True,42,31.5054343540,stimulus,
baseline_7,7,toni, True,42,32.2142889200,tap,l
baseline_7,7,toni,True,43,32.2555144770,stimulus,
baseline_7,7,toni, True,43,32.9823067230,tap,s
baseline_7,7,toni,True,44,33.0056575750,stimulus,
baseline_7,7,toni, True,44,33.6945910580,tap,s
baseline_7,7,toni,True,45,33.7558032140,stimulus,
baseline_7,7,toni, True,45,34.4462427480,tap,s
baseline_7,7,toni,True,46,34.5058661580,stimulus,
baseline_7,7,toni, True,46,35.1903292010,tap,l
baseline_7,7,toni,True,47,35.2559256050,stimulus,
baseline_7,7,toni, True,47,35.9583849420,tap,s
baseline_7,7,toni,True,48,36.0060501590,stimulus,
baseline_7,7,toni, True,48,36.6783190170,tap,l
baseline_7,7,toni,True,49,36.7561548070,stimulus,
baseline_7,7,toni,True,50,37.5062619050,stimulus,
baseline_7,7,toni, True,50,37.5105440970,tap,s
baseline_7,7,toni, True,50,38.2384061770,tap,s
baseline_7,7,toni,True,51,38.2563377850,stimulus,
baseline_7,7,toni, True,51,39.0063614960,tap,l
baseline_7,7,toni,True,52,39.0066278140,stimulus,
baseline_7,7,toni, True,52,39.6784252750,tap,s
baseline_7,7,toni,True,53,39.7567315340,stimulus,
baseline_7,7,toni, True,53,40.5025585840,tap,l
baseline_7,7,toni,True,54,40.5068428380,stimulus,
baseline_7,7,toni, True,54,41.2384763980,tap,l
baseline_7,7,toni,True,55,41.2569835990,stimulus,
baseline_7,7,toni, True,55,41.9822070790,tap,s
baseline_7,7,toni,True,56,42.0071100070,stimulus,
baseline_7,7,toni, True,56,42.7262795980,tap,l
baseline_7,7,toni,True,57,42.7572225680,stimulus,
baseline_7,7,toni, True,57,43.4544029540,tap,s
baseline_7,7,toni,True,58,43.5073209440,stimulus,
baseline_7,7,toni, True,58,44.2143276000,tap,l
baseline_7,7,toni,True,59,44.2574398040,stimulus,
baseline_7,7,toni, True,59,44.9744932900,tap,s
baseline_7,7,toni,True,60,45.0075991850,stimulus,
baseline_7,7,toni, True,60,45.7504078560,tap,l
baseline_7,7,toni,True,61,45.7577044840,stimulus,
baseline_7,7,toni,True,62,46.5078175550,stimulus,
baseline_7,7,toni, True,62,46.5422896300,tap,l
baseline_7,7,toni, True,62,47.2544209850,tap,l
baseline_7,7,toni,True,63,47.2578824820,stimulus,
baseline_7,7,toni, True,63,47.9743453380,tap,s
baseline_7,7,toni,True,64,48.0080410830,stimulus,
baseline_7,7,toni, True,64,48.6942235150,tap,l
baseline_7,7,toni,True,65,48.7581574030,stimulus,
baseline_7,7,toni, True,65,49.4702199600,tap,l
baseline_7,7,toni,True,66,49.5082738220,stimulus,
baseline_7,7,toni, True,66,50.2145872530,tap,s
baseline_7,7,toni,True,67,50.2583295150,stimulus,
baseline_7,7,toni, True,67,50.9905208740,tap,l
baseline_7,7,toni,True,68,51.0084661060,stimulus,
baseline_7,7,toni, True,68,51.7585281650,tap,s
baseline_7,7,toni,True,69,51.7587987990,stimulus,
baseline_7,7,toni, True,69,52.4864341160,tap,s
baseline_7,7,toni,True,70,52.5089139930,stimulus,
baseline_7,7,toni, True,70,53.2383598760,tap,l
baseline_7,7,toni,True,71,53.2589829700,stimulus,
baseline_7,7,toni, True,71,53.9745461300,tap,l
baseline_7,7,toni,True,72,54.0090750730,stimulus,
baseline_7,7,toni, True,72,54.7344405400,tap,l
baseline_7,7,toni,True,73,54.7591669920,stimulus,
baseline_7,7,toni,True,74,55.5093114660,stimulus,
baseline_7,7,toni, True,74,55.5183493240,tap,l
baseline_7,7,toni,True,75,56.2594441890,stimulus,
baseline_7,7,toni, True,75,56.2784619650,tap,s
baseline_7,7,toni,True,76,57.0095492230,stimulus,
baseline_7,7,toni, True,76,57.0304453770,tap,l
baseline_7,7,toni,True,77,57.7596712710,stimulus,
baseline_7,7,toni, True,77,57.7664332630,tap,l
baseline_7,7,toni, True,77,58.5024664520,tap,s
baseline_7,7,toni,True,78,58.5098258540,stimulus,
baseline_7,7,toni, True,78,59.2225364840,tap,l
baseline_7,7,toni,True,79,59.2599958050,stimulus,
baseline_7,7,toni,True,80,60.0100538330,stimulus,
baseline_7,7,toni, True,80,60.0144765000,tap,s
baseline_7,7,toni, True,80,60.7104209730,tap,l
baseline_7,7,toni,True,81,60.7601920850,stimulus,
baseline_7,7,toni, True,81,61.5024341680,tap,s
baseline_7,7,toni,True,82,61.5102590370,stimulus,
baseline_7,7,toni, True,82,62.1502976560,tap,l
baseline_7,7,toni,True,83,62.2603918090,stimulus,
baseline_7,7,toni,True,84,63.0104771820,stimulus,
baseline_7,7,toni, True,84,63.0383895430,tap,s
baseline_7,7,toni, True,84,63.7587545180,tap,s
baseline_7,7,toni,True,85,63.7605928440,stimulus,
baseline_7,7,toni, True,85,64.5103305400,tap,l
baseline_7,7,toni,True,86,64.5107272640,stimulus,
baseline_7,7,toni, True,86,65.2382730960,tap,s
baseline_7,7,toni,True,87,65.2608410020,stimulus,
baseline_7,7,toni,True,88,66.0109350850,stimulus,
baseline_7,7,toni, True,88,66.0302454420,tap,l
baseline_7,7,toni, True,88,66.7426748940,tap,l
baseline_7,7,toni,True,89,66.7610561830,stimulus,
baseline_7,7,toni, True,89,67.4624376710,tap,l
baseline_7,7,toni,True,90,67.5111885080,stimulus,
baseline_7,7,toni, True,90,68.1586186220,tap,s
baseline_7,7,toni,True,91,68.2612719430,stimulus,
baseline_7,7,toni, True,91,68.8462461350,tap,l
baseline_7,7,toni,True,92,69.0113723910,stimulus,
baseline_7,7,toni, True,92,69.6623830260,tap,l
baseline_7,7,toni,True,93,69.7615369150,stimulus,
baseline_7,7,toni, True,93,70.4622923420,tap,l
baseline_7,7,toni,True,94,70.5116341910,stimulus,
baseline_7,7,toni, True,94,71.1906177630,tap,s
baseline_7,7,toni,True,95,71.2617166910,stimulus,
baseline_7,7,toni, True,95,71.9343984110,tap,s
baseline_7,7,toni,True,96,72.0118310360,stimulus,
baseline_7,7,toni, True,96,72.7344733160,tap,l
baseline_7,7,toni,True,97,72.7619098460,stimulus,
baseline_7,7,toni, True,97,73.4943498280,tap,s
baseline_7,7,toni,True,98,73.5120137520,stimulus,
baseline_7,7,toni, True,98,74.2384853340,tap,s
baseline_7,7,toni,True,99,74.2620707640,stimulus,
baseline_7,7,toni,True,100,75.0122809820,stimulus,
baseline_7,7,toni, True,100,75.0303081770,tap,l
baseline_7,7,toni, True,100,75.6863965580,tap,s
baseline_7,7,toni,True,101,75.7623243910,stimulus,
baseline_7,7,toni, True,101,76.4622201890,tap,s
baseline_7,7,toni,True,102,76.5124248080,stimulus,
baseline_7,7,toni, True,102,77.2463946410,tap,l
baseline_7,7,toni,True,103,77.2624971640,stimulus,
baseline_7,7,toni, True,103,77.9983060550,tap,s
baseline_7,7,toni,True,104,78.0127828790,stimulus,
baseline_7,7,toni,True,105,78.7628593490,stimulus,
baseline_7,7,toni, True,105,78.7663648320,tap,s
baseline_7,7,toni, True,105,79.4544950330,tap,s
baseline_7,7,toni,True,106,79.5129452370,stimulus,
baseline_7,7,toni, True,106,80.1825120080,tap,l
baseline_7,7,toni,True,107,80.2630442570,stimulus,
baseline_7,7,toni,True,108,81.0131358920,stimulus,
baseline_7,7,toni, True,108,81.0622127190,tap,s
baseline_7,7,toni,True,109,81.7632072880,stimulus,
baseline_7,7,toni, True,109,81.7902710900,tap,s
baseline_7,7,toni, True,109,82.4705349520,tap,s
baseline_7,7,toni,True,110,82.5132899580,stimulus,
baseline_7,7,toni, True,110,83.2146298670,tap,l
baseline_7,7,toni,True,111,83.2633441080,stimulus,
baseline_7,7,toni, True,111,83.9502796660,tap,s
baseline_7,7,toni,True,112,84.0134574520,stimulus,
baseline_7,7,toni, True,112,84.7023925180,tap,s
baseline_7,7,toni,True,113,84.7635241800,stimulus,
baseline_7,7,toni,True,114,85.5136362230,stimulus,
baseline_7,7,toni, True,114,85.5346718610,tap,l
baseline_7,7,toni, True,114,86.1824512550,tap,s
baseline_7,7,toni,True,115,90.6168404120,probe_task,2
baseline_7,7,toni, True,115,94.2679124530,probe_intention,2
baseline_7,7,toni,True,116,98.0492955400,stimulus,
baseline_7,7,toni, True,116,98.3025344710,tap,l
baseline_7,7,toni, True,116,98.7743114910,tap,s
baseline_7,7,toni,True,117,98.7993515570,stimulus,
baseline_7,7,toni, True,117,99.5105491030,tap,l
baseline_7,7,toni,True,118,99.5494528030,stimulus,
baseline_7,7,toni, True,118,100.2543406430,tap,l
baseline_7,7,toni,True,119,100.2995570770,stimulus,
baseline_7,7,toni, True,119,100.9906003670,tap,s
baseline_7,7,toni,True,120,101.0496462130,stimulus,
baseline_7,7,toni, True,120,101.7422413660,tap,l
baseline_7,7,toni,True,121,101.7997680640,stimulus,
baseline_7,7,toni, True,121,102.5184764880,tap,l
baseline_7,7,toni,True,122,102.5498922910,stimulus,
baseline_7,7,toni, True,122,103.2304607860,tap,s
baseline_7,7,toni,True,123,103.3000086210,stimulus,
baseline_7,7,toni, True,123,103.9665530550,tap,l
baseline_7,7,toni,True,124,104.0501144740,stimulus,
baseline_7,7,toni,True,125,104.8001777290,stimulus,
baseline_7,7,toni, True,125,104.8226392060,tap,l
baseline_7,7,toni, True,125,105.5184237920,tap,s
baseline_7,7,toni,True,126,105.5503006020,stimulus,
baseline_7,7,toni, True,126,106.2143300110,tap,l
baseline_7,7,toni,True,127,106.3004016260,stimulus,
baseline_7,7,toni,True,128,107.0505093680,stimulus,
baseline_7,7,toni, True,128,107.7984725260,tap,l
baseline_7,7,toni,True,129,107.8006018930,stimulus,
baseline_7,7,toni, True,129,108.4703093870,tap,s
baseline_7,7,toni,True,130,108.5507157840,stimulus,
baseline_7,7,toni, True,130,109.2143434820,tap,s
baseline_7,7,toni,True,131,109.3008108630,stimulus,
baseline_7,7,toni, True,131,110.0142605210,tap,s
baseline_7,7,toni,True,132,110.0509774980,stimulus,
baseline_7,7,toni, True,132,110.7582973070,tap,s
baseline_7,7,toni,True,133,110.8010803430,stimulus,
baseline_7,7,toni, True,133,111.5504742820,tap,s
baseline_7,7,toni,True,134,111.5511920460,stimulus,
baseline_7,7,toni, True,134,112.2544394640,tap,l
baseline_7,7,toni,True,135,112.3017460590,stimulus,
baseline_7,7,toni, True,135,113.0226342060,tap,s
baseline_7,7,toni,True,136,113.0518319080,stimulus,
baseline_7,7,toni, True,136,113.7424025070,tap,s
baseline_7,7,toni,True,137,113.8019463750,stimulus,
baseline_7,7,toni, True,137,114.5343412930,tap,l
baseline_7,7,toni,True,138,114.5520510040,stimulus,
baseline_7,7,toni, True,138,115.1986261940,tap,s
baseline_7,7,toni,True,139,115.3020931780,stimulus,
baseline_7,7,toni, True,139,115.9423234750,tap,s
baseline_7,7,toni,True,140,116.0521799720,stimulus,
baseline_7,7,toni, True,140,116.7184769110,tap,l
baseline_7,7,toni,True,141,116.8022751300,stimulus,
baseline_7,7,toni, True,141,117.4462889450,tap,s
baseline_7,7,toni,True,142,117.5523887510,stimulus,
baseline_7,7,toni, True,142,118.1744652340,tap,s
baseline_7,7,toni,True,143,118.3024912580,stimulus,
baseline_7,7,toni, True,143,118.9583876400,tap,s
baseline_7,7,toni,True,144,119.0526113020,stimulus,
baseline_7,7,toni, True,144,119.7103747610,tap,l
baseline_7,7,toni,True,145,119.8027084620,stimulus,
baseline_7,7,toni, True,145,120.5344238600,tap,s
baseline_7,7,toni,True,146,120.5528482250,stimulus,
baseline_7,7,toni, True,146,121.2224184080,tap,l
baseline_7,7,toni,True,147,121.3028766070,stimulus,
baseline_7,7,toni, True,147,122.0224231740,tap,l
baseline_7,7,toni,True,148,122.0530187390,stimulus,
baseline_7,7,toni,True,149,122.8031085830,stimulus,
baseline_7,7,toni, True,149,122.8142962950,tap,l
baseline_7,7,toni, True,149,123.5182977860,tap,s
baseline_7,7,toni,True,150,123.5532117070,stimulus,
baseline_7,7,toni, True,150,124.1984138450,tap,l
baseline_7,7,toni,True,151,124.3033296410,stimulus,
baseline_7,7,toni, True,151,125.0062770690,tap,l
baseline_7,7,toni,True,152,125.0537671750,stimulus,
baseline_7,7,toni,True,153,125.8038854320,stimulus,
baseline_7,7,toni, True,153,125.8063570400,tap,l
baseline_7,7,toni, True,153,126.5103590630,tap,s
baseline_7,7,toni,True,154,126.5540923330,stimulus,
baseline_7,7,toni, True,154,127.2303765110,tap,l
baseline_7,7,toni,True,155,127.3041323030,stimulus,
baseline_7,7,toni, True,155,127.9983012520,tap,s
baseline_7,7,toni,True,156,128.0542362980,stimulus,
baseline_7,7,toni, True,156,128.7422514420,tap,l
baseline_7,7,toni,True,157,128.8042883890,stimulus,
baseline_7,7,toni,True,158,129.5543884100,stimulus,
baseline_7,7,toni, True,158,129.5822140320,tap,l
baseline_7,7,toni, True,158,130.2943342490,tap,l
baseline_7,7,toni,True,159,130.3044992300,stimulus,
baseline_7,7,toni, True,159,131.0144332650,tap,s
baseline_7,7,toni,True,160,131.0546467990,stimulus,
baseline_7,7,toni,True,161,131.8047397640,stimulus,
baseline_7,7,toni, True,161,131.8302728490,tap,l
baseline_7,7,toni,True,162,132.5548319640,stimulus,
baseline_7,7,toni, True,162,132.5583929430,tap,s
baseline_7,7,toni, True,162,133.2544450900,tap,s
baseline_7,7,toni,True,163,133.3049561350,stimulus,
baseline_7,7,toni, True,163,133.9663645230,tap,l
baseline_7,7,toni,True,164,134.0551034750,stimulus,
baseline_7,7,toni, True,164,134.7743811990,tap,l
baseline_7,7,toni,True,165,134.8051622410,stimulus,
baseline_7,7,toni, True,165,135.4783821260,tap,s
baseline_7,7,toni,True,166,135.5553015070,stimulus,
baseline_7,7,toni, True,166,136.2783842250,tap,l
baseline_7,7,toni,True,167,136.3053993900,stimulus,
baseline_7,7,toni, True,167,137.0303754940,tap,s
baseline_7,7,toni,True,168,137.0555168080,stimulus,
baseline_7,7,toni, True,168,137.7342923710,tap,s
baseline_7,7,toni,True,169,137.8056089620,stimulus,
baseline_7,7,toni, True,169,138.5343321670,tap,l
baseline_7,7,toni,True,170,138.5557532660,stimulus,
baseline_7,7,toni, True,170,139.2545703500,tap,s
baseline_7,7,toni,True,171,139.3058540450,stimulus,
baseline_7,7,toni, True,171,139.9742039180,tap,l
baseline_7,7,toni,True,172,140.0559620360,stimulus,
baseline_7,7,toni, True,172,140.7987834510,tap,l
baseline_7,7,toni,True,173,140.8060734240,stimulus,
baseline_7,7,toni,True,174,141.5562340060,stimulus,
baseline_7,7,toni, True,174,141.5982986580,tap,s
baseline_7,7,toni, True,174,142.2787340660,tap,s
baseline_7,7,toni,True,175,142.3063381250,stimulus,
baseline_7,7,toni,True,176,143.0564774050,stimulus,
baseline_7,7,toni, True,176,143.0703600740,tap,l
baseline_7,7,toni,True,177,143.8065733590,stimulus,
baseline_7,7,toni, True,177,143.8306190640,tap,s
baseline_7,7,toni, True,177,144.5102940070,tap,l
baseline_7,7,toni,True,178,144.5566905540,stimulus,
baseline_7,7,toni, True,178,145.2624408690,tap,s
baseline_7,7,toni,True,179,145.3068190570,stimulus,
baseline_7,7,toni, True,179,146.0384222690,tap,l
baseline_7,7,toni,True,180,146.0569709490,stimulus,
baseline_7,7,toni, True,180,146.7268301040,tap,l
baseline_7,7,toni,True,181,146.8070366960,stimulus,
baseline_7,7,toni,True,182,147.5571336730,stimulus,
baseline_7,7,toni, True,182,147.5666922130,tap,l
baseline_7,7,toni,True,183,148.3072746540,stimulus,
baseline_7,7,toni, True,183,148.3663807200,tap,s
baseline_7,7,toni, True,183,148.9903843280,tap,l
baseline_7,7,toni,True,184,149.0573673020,stimulus,
baseline_7,7,toni, True,184,149.7903434630,tap,l
baseline_7,7,toni,True,185,149.8074265560,stimulus,
baseline_7,7,toni, True,185,150.5424067660,tap,s
baseline_7,7,toni,True,186,150.5575866490,stimulus,
baseline_7,7,toni, True,186,151.2463015420,tap,l
baseline_7,7,toni,True,187,151.3076750140,stimulus,
baseline_7,7,toni, True,187,151.9984978850,tap,s
baseline_7,7,toni,True,188,152.0577913820,stimulus,
baseline_7,7,toni, True,188,152.7984092090,tap,l
baseline_7,7,toni,True,189,152.8079058270,stimulus,
baseline_7,7,toni,True,190,153.5580186190,stimulus,
baseline_7,7,toni, True,190,153.5664128900,tap,s
baseline_7,7,toni, True,190,154.3024600400,tap,l
baseline_7,7,toni,True,191,154.3081305860,stimulus,
baseline_7,7,toni, True,191,155.0544043330,tap,l
baseline_7,7,toni,True,192,155.0582548540,stimulus,
baseline_7,7,toni, True,192,155.7986959950,tap,s
baseline_7,7,toni,True,193,155.8083261640,stimulus,
baseline_7,7,toni,True,194,156.5584633960,stimulus,
baseline_7,7,toni, True,194,156.5742646500,tap,s
baseline_7,7,toni, True,194,157.2946976730,tap,s
baseline_7,7,toni,True,195,157.3085720770,stimulus,
baseline_7,7,toni,True,196,158.0587019430,stimulus,
baseline_7,7,toni, True,196,158.0627649900,tap,l
baseline_7,7,toni, True,196,158.7903295290,tap,s
baseline_7,7,toni,True,197,158.8088321870,stimulus,
baseline_7,7,toni, True,197,159.5502689990,tap,l
baseline_7,7,toni,True,198,159.5589456020,stimulus,
baseline_7,7,toni,True,199,160.3090826090,stimulus,
baseline_7,7,toni, True,199,160.3183315360,tap,s
baseline_7,7,toni,True,200,161.0592010930,stimulus,
baseline_7,7,toni, True,200,161.1102389580,tap,l
baseline_7,7,toni,True,201,161.8093250560,stimulus,
baseline_7,7,toni, True,201,161.8383873470,tap,s
baseline_7,7,toni,True,202,162.5594378660,stimulus,
baseline_7,7,toni, True,202,162.5744802810,tap,l
baseline_7,7,toni,True,203,163.3095538010,stimulus,
baseline_7,7,toni, True,203,163.3182917440,tap,l
baseline_7,7,toni, True,203,164.0462968480,tap,l
baseline_7,7,toni,True,204,164.0596781390,stimulus,
baseline_7,7,toni,True,205,164.8097891840,stimulus,
baseline_7,7,toni, True,205,164.8622983310,tap,s
baseline_7,7,toni, True,205,165.5583974210,tap,l
baseline_7,7,toni,True,206,165.5598578140,stimulus,
baseline_7,7,toni,True,207,166.3099555780,stimulus,
baseline_7,7,toni, True,207,166.3505428080,tap,s
baseline_7,7,toni,True,208,167.0600967010,stimulus,
baseline_7,7,toni, True,208,167.0782351960,tap,l
baseline_7,7,toni, True,208,167.7982289000,tap,s
baseline_7,7,toni,True,209,172.2439950930,probe_task,1
baseline_7,7,toni, True,209,174.9985567720,probe_intention,1
baseline_7,7,toni,True,210,178.7825428660,stimulus,
baseline_7,7,toni, True,210,178.9746120330,tap,l
baseline_7,7,toni,True,211,179.5324902550,stimulus,
baseline_7,7,toni, True,211,179.5743896490,tap,s
baseline_7,7,toni, True,211,180.2543022180,tap,s
baseline_7,7,toni,True,212,180.2825606620,stimulus,
baseline_7,7,toni, True,212,181.0063110500,tap,l
baseline_7,7,toni,True,213,181.0326523280,stimulus,
baseline_7,7,toni, True,213,181.7266995930,tap,s
baseline_7,7,toni,True,214,181.7827468050,stimulus,
baseline_7,7,toni, True,214,182.4784672760,tap,s
baseline_7,7,toni,True,215,182.5328665650,stimulus,
baseline_7,7,toni, True,215,183.2385951800,tap,s
baseline_7,7,toni,True,216,183.2829772300,stimulus,
baseline_7,7,toni, True,216,183.9343730220,tap,l
baseline_7,7,toni,True,217,184.0331339080,stimulus,
baseline_7,7,toni, True,217,184.7425330050,tap,s
baseline_7,7,toni,True,218,184.7832325200,stimulus,
baseline_7,7,toni, True,218,185.4623409930,tap,l
baseline_7,7,toni,True,219,185.5333753850,stimulus,
baseline_7,7,toni, True,219,186.2226455980,tap,s
baseline_7,7,toni,True,220,186.2835057310,stimulus,
baseline_7,7,toni,True,221,187.0335961720,stimulus,
baseline_7,7,toni, True,221,187.0542352150,tap,l
baseline_7,7,toni, True,221,187.7344661680,tap,s
baseline_7,7,toni,True,222,187.7836641100,stimulus,
baseline_7,7,toni, True,222,188.4222550840,tap,s
baseline_7,7,toni,True,223,188.5337785790,stimulus,
baseline_7,7,toni, True,223,189.2543024460,tap,l
baseline_7,7,toni,True,224,189.2838683870,stimulus,
baseline_7,7,toni,True,225,190.0339606650,stimulus,
baseline_7,7,toni, True,225,190.0383153100,tap,s
baseline_7,7,toni, True,225,190.7342914090,tap,l
baseline_7,7,toni,True,226,190.7840784550,stimulus,
baseline_7,7,toni, True,226,191.4863304070,tap,l
baseline_7,7,toni,True,227,191.5341983340,stimulus,
baseline_7,7,toni,True,228,192.2843171510,stimulus,
baseline_7,7,toni, True,228,192.2947767530,tap,l
baseline_7,7,toni,True,229,193.0344000260,stimulus,
baseline_7,7,toni, True,229,193.0466116140,tap,s
baseline_7,7,toni,True,230,193.7845252260,stimulus,
baseline_7,7,toni, True,230,193.8063502930,tap,l
baseline_7,7,toni,True,231,194.5346537110,stimulus,
baseline_7,7,toni, True,231,194.5982534370,tap,l
baseline_7,7,toni,True,232,195.2847913740,stimulus,
baseline_7,7,toni, True,232,195.3263359700,tap,l
baseline_7,7,toni,True,233,196.0349051280,stimulus,
baseline_7,7,toni, True,233,196.0703901850,tap,l
baseline_7,7,toni,True,234,196.7849831450,stimulus,
baseline_7,7,toni, True,234,196.7904210540,tap,s
baseline_7,7,toni, True,234,197.4866935380,tap,s
baseline_7,7,toni,True,235,197.5350796280,stimulus,
baseline_7,7,toni,True,236,198.2852078670,stimulus,
baseline_7,7,toni, True,236,198.2943593240,tap,l
baseline_7,7,toni,True,237,199.0353430740,stimulus,
baseline_7,7,toni, True,237,199.0625852720,tap,l
baseline_7,7,toni, True,237,199.7662860450,tap,l
baseline_7,7,toni,True,238,199.7854224880,stimulus,
baseline_7,7,toni,True,239,200.5355458440,stimulus,
baseline_7,7,toni, True,239,200.6062378860,tap,s
baseline_7,7,toni,True,240,201.2856823170,stimulus,
baseline_7,7,toni, True,240,201.3262236830,tap,l
baseline_7,7,toni,True,241,202.0357983370,stimulus,
baseline_7,7,toni, True,241,202.0783222910,tap,l
baseline_7,7,toni, True,241,202.7822095160,tap,s
baseline_7,7,toni,True,242,202.7858567820,stimulus,
baseline_7,7,toni,True,243,203.5359828360,stimulus,
baseline_7,7,toni, True,243,203.5424151650,tap,l
baseline_7,7,toni,True,244,204.2860914200,stimulus,
baseline_7,7,toni, True,244,204.3425671120,tap,l
baseline_7,7,toni, True,244,204.9423089180,tap,s
baseline_7,7,toni,True,245,205.0361471820,stimulus,
baseline_7,7,toni, True,245,205.6784827340,tap,l
baseline_7,7,toni,True,246,205.7862293040,stimulus,
baseline_7,7,toni, True,246,206.4623241860,tap,l
baseline_7,7,toni,True,247,206.5363375530,stimulus,
baseline_7,7,toni, True,247,207.2545435240,tap,s
baseline_7,7,toni,True,248,207.2864580350,stimulus,
baseline_7,7,toni, True,248,207.9266218230,tap,l
baseline_7,7,toni,True,249,208.0365731030,stimulus,
baseline_7,7,toni, True,249,208.6863716210,tap,l
baseline_7,7,toni,True,250,208.7866968480,stimulus,
baseline_7,7,toni, True,250,209.5024133900,tap,s
baseline_7,7,toni,True,251,209.5368172390,stimulus,
baseline_7,7,toni, True,251,210.1982917250,tap,l
baseline_7,7,toni,True,252,210.2868837100,stimulus,
baseline_7,7,toni, True,252,211.0144512720,tap,l
baseline_7,7,toni,True,253,211.0370131910,stimulus,
baseline_7,7,toni, True,253,211.6702946700,tap,l
baseline_7,7,toni,True,254,211.7870874310,stimulus,
baseline_7,7,toni, True,254,212.5024599170,tap,l
baseline_7,7,toni,True,255,212.5372053670,stimulus,
baseline_7,7,toni, True,255,213.2067411610,tap,l
baseline_7,7,toni,True,256,213.2873157460,stimulus,
baseline_7,7,toni, True,256,213.9582919680,tap,l
baseline_7,7,toni,True,257,214.0374022370,stimulus,
baseline_7,7,toni, True,257,214.6942401000,tap,s
baseline_7,7,toni,True,258,214.7874722830,stimulus,
baseline_7,7,toni, True,258,215.2944217010,tap,l
baseline_7,7,toni,True,259,215.5376086350,stimulus,
baseline_7,7,toni, True,259,216.2702993540,tap,s
baseline_7,7,toni,True,260,216.2876782210,stimulus,
baseline_7,7,toni, True,260,217.0144901920,tap,s
baseline_7,7,toni,True,261,217.0378202280,stimulus,
baseline_7,7,toni,True,262,217.7879064040,stimulus,
baseline_7,7,toni, True,262,217.7982799260,tap,l
baseline_7,7,toni, True,262,218.5342707790,tap,s
baseline_7,7,toni,True,263,218.5379644370,stimulus,
baseline_7,7,toni, True,263,219.2704261970,tap,s
baseline_7,7,toni,True,264,219.2880684060,stimulus,
baseline_7,7,toni, True,264,220.0383245160,tap,s
baseline_7,7,toni,True,265,220.0385900840,stimulus,
baseline_7,7,toni,True,266,225.0141883400,probe_task,2
baseline_7,7,toni, True,266,225.7162789710,probe_intention,2
baseline_7,7,toni,True,267,229.4983472010,stimulus,
baseline_7,7,toni, True,267,229.5002742030,tap,l
baseline_7,7,toni, True,267,229.5903214010,tap,l
baseline_7,7,toni,True,268,230.2484226910,stimulus,
baseline_7,7,toni, True,268,230.2544692160,tap,s
baseline_7,7,toni,True,269,230.9985576380,stimulus,
baseline_7,7,toni, True,269,231.0142852440,tap,s
baseline_7,7,toni, True,269,231.6943962830,tap,s
baseline_7,7,toni,True,270,231.7486694250,stimulus,
baseline_7,7,toni, True,270,232.3584975130,tap,s
baseline_7,7,toni,True,271,232.4987873810,stimulus,
baseline_7,7,toni, True,271,233.1744363760,tap,l
baseline_7,7,toni,True,272,233.2488968550,stimulus,
baseline_7,7,toni, True,272,233.9427046560,tap,s
baseline_7,7,toni,True,273,233.9990147420,stimulus,
baseline_7,7,toni, True,273,234.6623584640,tap,s
baseline_7,7,toni,True,274,234.7491546270,stimulus,
baseline_7,7,toni, True,274,235.3664443440,tap,s
baseline_7,7,toni,True,275,235.4992470860,stimulus,
baseline_7,7,toni, True,275,236.1744140900,tap,s
baseline_7,7,toni,True,276,236.2493826690,stimulus,
baseline_7,7,toni, True,276,236.9022601490,tap,s
baseline_7,7,toni,True,277,236.9994625210,stimulus,
baseline_7,7,toni, True,277,237.5502851480,tap,l
baseline_7,7,toni,True,278,237.7495654930,stimulus,
baseline_7,7,toni, True,278,238.3588579730,tap,l
baseline_7,7,toni,True,279,238.4996804900,stimulus,
baseline_7,7,toni, True,279,239.1745221580,tap,s
baseline_7,7,toni,True,280,239.2498139970,stimulus,
baseline_7,7,toni, True,280,239.9903624780,tap,l
baseline_7,7,toni,True,281,239.9998994910,stimulus,
baseline_7,7,toni,True,282,240.7500290290,stimulus,
baseline_7,7,toni, True,282,240.7745460720,tap,l
baseline_7,7,toni,True,283,241.5001265140,stimulus,
baseline_7,7,toni, True,283,241.5265086550,tap,s
baseline_7,7,toni,True,284,242.2501936390,stimulus,
baseline_7,7,toni, True,284,242.2546232610,tap,l
baseline_7,7,toni, True,284,242.9502993750,tap,l
baseline_7,7,toni,True,285,243.0002755140,stimulus,
baseline_7,7,toni, True,285,243.6784678640,tap,l
baseline_7,7,toni,True,286,243.7504235760,stimulus,
baseline_7,7,toni, True,286,244.4301969680,tap,s
baseline_7,7,toni,True,287,244.5005391140,stimulus,
baseline_7,7,toni, True,287,245.2223466260,tap,s
baseline_7,7,toni,True,288,245.2506255940,stimulus,
baseline_7,7,toni,True,289,246.0007118480,stimulus,
baseline_7,7,toni, True,289,246.0223678700,tap,s
baseline_7,7,toni, True,289,246.7023893980,tap,s
baseline_7,7,toni,True,290,246.7508006010,stimulus,
baseline_7,7,toni,True,291,247.5008570090,stimulus,
baseline_7,7,toni, True,291,247.5583323670,tap,l
baseline_7,7,toni, True,291,248.2464993120,tap,s
baseline_7,7,toni,True,292,248.2509723540,stimulus,
baseline_7,7,toni, True,292,248.9824001740,tap,l
baseline_7,7,toni,True,293,249.0010694540,stimulus,
baseline_7,7,toni, True,293,249.6382696490,tap,s
baseline_7,7,toni,True,294,249.7511783950,stimulus,
baseline_7,7,toni, True,294,250.4383693140,tap,s
baseline_7,7,toni,True,295,250.5012694600,stimulus,
baseline_7,7,toni,True,296,251.2513610070,stimulus,
baseline_7,7,toni, True,296,251.2543013490,tap,l
baseline_7,7,toni, True,296,251.8703404550,tap,s
baseline_7,7,toni,True,297,252.0014500960,stimulus,
baseline_7,7,toni, True,297,252.7344593730,tap,s
baseline_7,7,toni,True,298,252.7515792950,stimulus,
baseline_7,7,toni, True,298,253.4386372940,tap,s
baseline_7,7,toni,True,299,253.5016459360,stimulus,
baseline_7,7,toni,True,300,254.2517623840,stimulus,
baseline_7,7,toni, True,300,254.2784679200,tap,l
baseline_7,7,toni, True,300,254.9903178760,tap,s
baseline_7,7,toni,True,301,255.0018561790,stimulus,
baseline_7,7,toni,True,302,255.7519360490,stimulus,
baseline_7,7,toni, True,302,255.7583590030,tap,l
baseline_7,7,toni, True,302,256.4784485360,tap,s
baseline_7,7,toni,True,303,256.5020485620,stimulus,
baseline_7,7,toni, True,303,257.2463581980,tap,l
baseline_7,7,toni,True,304,257.2521439240,stimulus,
baseline_7,7,toni, True,304,257.9824526190,tap,l
baseline_7,7,toni,True,305,258.0022658990,stimulus,
baseline_7,7,toni, True,305,258.6543512500,tap,s
baseline_7,7,toni,True,306,258.7523633880,stimulus,
baseline_7,7,toni, True,306,259.4542931130,tap,l
baseline_7,7,toni,True,307,259.5024590620,stimulus,
baseline_7,7,toni, True,307,260.2222532270,tap,l
baseline_7,7,toni,True,308,260.2525689190,stimulus,
baseline_7,7,toni, True,308,260.9823733160,tap,s
baseline_7,7,toni,True,309,261.0026790670,stimulus,
baseline_7,7,toni,True,310,261.7527933500,stimulus,
baseline_7,7,toni, True,310,261.9984415400,tap,l
baseline_7,7,toni,True,311,262.5028796370,stimulus,
baseline_7,7,toni, True,311,262.8223178170,tap,l
baseline_7,7,toni,True,312,263.2530063350,stimulus,
baseline_7,7,toni, True,312,263.2946495870,tap,l
baseline_7,7,toni, True,312,263.9907897650,tap,l
baseline_7,7,toni,True,313,264.0030936230,stimulus,
baseline_7,7,toni, True,313,264.7423986010,tap,s
baseline_7,7,toni,True,314,264.7531929750,stimulus,
baseline_7,7,toni,True,315,265.5033262690,stimulus,
baseline_7,7,toni, True,315,265.5588215130,tap,l
baseline_7,7,toni, True,315,266.2223816190,tap,s
baseline_7,7,toni,True,316,266.2534712290,stimulus,
baseline_7,7,toni, True,316,266.9902758970,tap,l
baseline_7,7,toni,True,317,267.0035212990,stimulus,
baseline_7,7,toni, True,317,267.7426660560,tap,l
baseline_7,7,toni,True,318,267.7536243560,stimulus,
baseline_7,7,toni, True,318,268.4702180170,tap,l
baseline_7,7,toni,True,319,268.5037279650,stimulus,
baseline_7,7,toni, True,319,269.2462703670,tap,s
baseline_7,7,toni,True,320,269.2538462530,stimulus,
baseline_7,7,toni, True,320,269.8542577850,tap,l
baseline_7,7,toni,True,321,270.0039938390,stimulus,
baseline_7,7,toni, True,321,270.6463384100,tap,s
baseline_7,7,toni,True,322,270.7540981420,stimulus,
baseline_7,7,toni, True,322,271.4868171210,tap,l
baseline_7,7,toni,True,323,271.5041932690,stimulus,
baseline_7,7,toni, True,323,272.2544999500,tap,l
baseline_7,7,toni,True,324,272.2547620320,stimulus,
baseline_7,7,toni, True,324,272.9664581930,tap,s
baseline_7,7,toni,True,325,273.0048594070,stimulus,
baseline_7,7,toni, True,325,273.6864399340,tap,l
baseline_7,7,toni,True,326,273.7549891080,stimulus,
baseline_7,7,toni, True,326,274.4384464210,tap,l
baseline_7,7,toni,True,327,274.5051029110,stimulus,
baseline_7,7,toni, True,327,275.2462881750,tap,l
baseline_7,7,toni,True,328,275.2551882210,stimulus,
baseline_7,7,toni, True,328,275.9822701950,tap,s
baseline_7,7,toni,True,329,276.0052897660,stimulus,
baseline_7,7,toni, True,329,276.7025236950,tap,l
baseline_7,7,toni,True,330,276.7554379810,stimulus,
baseline_7,7,toni, True,330,277.4863695030,tap,s
baseline_7,7,toni,True,331,277.5055069650,stimulus,
baseline_7,7,toni,True,332,278.2556425080,stimulus,
baseline_7,7,toni, True,332,278.2782519690,tap,l
baseline_7,7,toni,True,333,279.0057608860,stimulus,
baseline_7,7,toni, True,333,279.0622786480,tap,s
baseline_7,7,toni,True,334,279.7558658310,stimulus,
baseline_7,7,toni, True,334,279.7744107030,tap,l
baseline_7,7,toni, True,334,280.4943950730,tap,l
baseline_7,7,toni,True,335,280.5059487120,stimulus,
baseline_7,7,toni,True,336,281.2560637650,stimulus,
baseline_7,7,toni, True,336,281.2785991370,tap,s
baseline_7,7,toni, True,336,282.0063350900,tap,l
baseline_7,7,toni,True,337,282.0066272750,stimulus,
baseline_7,7,toni, True,337,282.7263002700,tap,l
baseline_7,7,toni,True,338,282.7567825980,stimulus,
baseline_7,7,toni, True,338,283.4944520230,tap,s
baseline_7,7,toni,True,339,283.5069008520,stimulus,
baseline_7,7,toni, True,339,284.2223795230,tap,l
baseline_7,7,toni,True,340,284.2570024790,stimulus,
baseline_7,7,toni, True,340,284.9583093790,tap,s
baseline_7,7,toni,True,341,285.0071008580,stimulus,
baseline_7,7,toni, True,341,285.7423542250,tap,s
baseline_7,7,toni,True,342,285.7572213950,stimulus,
baseline_7,7,toni, True,342,286.4225268450,tap,l
baseline_7,7,toni,True,343,286.5073672810,stimulus,
baseline_7,7,toni, True,343,287.1824678980,tap,s
baseline_7,7,toni,True,344,287.2574477350,stimulus,
baseline_7,7,toni, True,344,287.9822673630,tap,l
baseline_7,7,toni,True,345,288.0075581360,stimulus,
baseline_7,7,toni, True,345,288.7504378370,tap,l
baseline_7,7,toni,True,346,288.7576656860,stimulus,
baseline_7,7,toni,True,347,289.5078186080,stimulus,
baseline_7,7,toni, True,347,289.5104418790,tap,s
baseline_7,7,toni, True,347,290.1743267050,tap,l
baseline_7,7,toni,True,348,293.3640208770,probe_task,1
baseline_7,7,toni, True,348,295.8152138300,probe_intention,2
baseline_7,7,toni,True,349,299.5973620480,stimulus,
baseline_7,7,toni, True,349,299.5993215540,tap,l
baseline_7,7,toni, True,349,300.2785056580,tap,l
baseline_7,7,toni,True,350,300.3474373880,stimulus,
baseline_7,7,toni, True,350,301.0303894720,tap,s
baseline_7,7,toni,True,351,301.0975035780,stimulus,
baseline_7,7,toni, True,351,301.7905106400,tap,s
baseline_7,7,toni,True,352,301.8476191550,stimulus,
baseline_7,7,toni, True,352,302.4942756680,tap,s
baseline_7,7,toni,True,353,302.5977353720,stimulus,
baseline_7,7,toni, True,353,303.2384062380,tap,l
baseline_7,7,toni,True,354,303.3478759170,stimulus,
baseline_7,7,toni, True,354,304.0788159640,tap,s
baseline_7,7,toni,True,355,304.0979551220,stimulus,
baseline_7,7,toni, True,355,304.7423975260,tap,s
baseline_7,7,toni,True,356,304.8480584030,stimulus,
baseline_7,7,toni, True,356,305.4864868790,tap,l
baseline_7,7,toni,True,357,305.5981799680,stimulus,
baseline_7,7,toni, True,357,306.2545072620,tap,s
baseline_7,7,toni,True,358,306.3483371950,stimulus,
baseline_7,7,toni, True,358,306.9584059850,tap,s
baseline_7,7,toni,True,359,307.0984005910,stimulus,
baseline_7,7,toni, True,359,307.7904561700,tap,s
baseline_7,7,toni,True,360,307.8485200320,stimulus,
baseline_7,7,toni, True,360,308.4146200930,tap,s
baseline_7,7,toni,True,361,308.5986217710,stimulus,
baseline_7,7,toni, True,361,309.3022980260,tap,l
baseline_7,7,toni,True,362,309.3487593980,stimulus,
baseline_7,7,toni, True,362,310.0945818440,tap,s
baseline_7,7,toni,True,363,310.0988555590,stimulus,
baseline_7,7,toni, True,363,310.7982842750,tap,l
baseline_7,7,toni,True,364,310.8489964610,stimulus,
baseline_7,7,toni, True,364,311.5503237490,tap,s
baseline_7,7,toni,True,365,311.5991296020,stimulus,
baseline_7,7,toni, True,365,312.2463671180,tap,s
baseline_7,7,toni,True,366,312.3491815650,stimulus,
baseline_7,7,toni, True,366,313.0866512270,tap,l
baseline_7,7,toni,True,367,313.0992826850,stimulus,
baseline_7,7,toni, True,367,313.7984608300,tap,l
baseline_7,7,toni,True,368,313.8494548880,stimulus,
baseline_7,7,toni, True,368,314.5663617050,tap,l
baseline_7,7,toni,True,369,314.5994665170,stimulus,
baseline_7,7,toni,True,370,315.3495606780,stimulus,
baseline_7,7,toni, True,370,315.3582539580,tap,l
baseline_7,7,toni, True,370,316.0864289840,tap,l
baseline_7,7,toni,True,371,316.0996850880,stimulus,
baseline_7,7,toni,True,372,316.8498206140,stimulus,
baseline_7,7,toni, True,372,316.8622146040,tap,l
baseline_7,7,toni, True,372,317.5743850260,tap,l
baseline_7,7,toni,True,373,317.5999230970,stimulus,
baseline_7,7,toni, True,373,318.3504112920,tap,s
baseline_7,7,toni,True,374,318.3506886530,stimulus,
baseline_7,7,toni,True,375,319.1008221540,stimulus,
baseline_7,7,toni, True,375,319.1264674560,tap,l
baseline_7,7,toni,True,376,319.8509972720,stimulus,
baseline_7,7,toni, True,376,319.8944672890,tap,s
baseline_7,7,toni, True,376,320.5744860330,tap,s
baseline_7,7,toni,True,377,320.6010258180,stimulus,
baseline_7,7,toni, True,377,321.3183437500,tap,l
baseline_7,7,toni,True,378,321.3511154550,stimulus,
baseline_7,7,toni,True,379,322.1012225060,stimulus,
baseline_7,7,toni, True,379,322.1183390530,tap,s
baseline_7,7,toni,True,380,322.8512941020,stimulus,
baseline_7,7,toni, True,380,322.8866090510,tap,l
baseline_7,7,toni,True,381,323.6014183470,stimulus,
baseline_7,7,toni, True,381,323.6065972270,tap,l
baseline_7,7,toni,True,382,324.3515026950,stimulus,
baseline_7,7,toni, True,382,324.3663845580,tap,s
baseline_7,7,toni, True,382,325.0863952120,tap,s
baseline_7,7,toni,True,383,325.1015972920,stimulus,
baseline_7,7,toni, True,383,325.7666160870,tap,l
baseline_7,7,toni,True,384,325.8517299170,stimulus,
baseline_7,7,toni,True,385,326.6018045550,stimulus,
baseline_7,7,toni, True,385,326.6865355110,tap,s
baseline_7,7,toni,True,386,327.3518792330,stimulus,
baseline_7,7,toni, True,386,327.4143053150,tap,l
baseline_7,7,toni, True,386,328.0304725720,tap,l
baseline_7,7,toni,True,387,328.1019577950,stimulus,
baseline_7,7,toni,True,388,328.8520741840,stimulus,
baseline_7,7,toni, True,388,328.8942272800,tap,l
baseline_7,7,toni, True,388,329.5824873560,tap,l
baseline_7,7,toni,True,389,329.6021605390,stimulus,
baseline_7,7,toni, True,389,330.3342822500,tap,s
baseline_7,7,toni,True,390,330.3522673280,stimulus,
baseline_7,7,toni,True,391,331.1023381840,stimulus,
baseline_7,7,toni, True,391,331.1343723730,tap,l
baseline_7,7,toni,True,392,331.8524104770,stimulus,
baseline_7,7,toni, True,392,331.8702767570,tap,s
baseline_7,7,toni, True,392,332.5903683060,tap,s
baseline_7,7,toni,True,393,332.6024770100,stimulus,
baseline_7,7,toni, True,393,333.2943366500,tap,l
baseline_7,7,toni,True,394,333.3525805800,stimulus,
baseline_7,7,toni,True,395,334.1026712570,stimulus,
baseline_7,7,toni, True,395,334.1104819550,tap,s
baseline_7,7,toni,True,396,334.8528186370,stimulus,
baseline_7,7,toni, True,396,334.8544687880,tap,l
baseline_7,7,toni, True,396,335.5904919590,tap,l
baseline_7,7,toni,True,397,335.6029260620,stimulus,
baseline_7,7,toni, True,397,336.3344014820,tap,s
baseline_7,7,toni,True,398,336.3530725060,stimulus,
baseline_7,7,toni, True,398,336.9985358180,tap,l
baseline_7,7,toni,True,399,337.1031529690,stimulus,
baseline_7,7,toni, True,399,337.8224686320,tap,l
baseline_7,7,toni,True,400,337.8532932860,stimulus,
baseline_7,7,toni, True,400,338.5665170850,tap,l
baseline_7,7,toni,True,401,338.6033996060,stimulus,
baseline_7,7,toni,True,402,339.3535310490,stimulus,
baseline_7,7,toni, True,402,339.3822284550,tap,l
baseline_7,7,toni, True,402,340.1022856200,tap,s
baseline_7,7,toni,True,403,340.1036516520,stimulus,
baseline_7,7,toni,True,404,340.8537515900,stimulus,
baseline_7,7,toni, True,404,340.8942892760,tap,s
baseline_7,7,toni,True,405,341.6038523130,stimulus,
baseline_7,7,toni, True,405,341.6546616360,tap,s
baseline_7,7,toni,True,406,342.3539691950,stimulus,
baseline_7,7,toni, True,406,342.3821676170,tap,l
baseline_7,7,toni,True,407,343.1040914690,stimulus,
baseline_7,7,toni, True,407,343.1666128940,tap,s
baseline_7,7,toni,True,408,343.8541881890,stimulus,
baseline_7,7,toni, True,408,343.9184581430,tap,s
baseline_7,7,toni,True,409,344.6043206540,stimulus,
baseline_7,7,toni, True,409,344.6462901150,tap,l
baseline_7,7,toni, True,409,345.3424151110,tap,s
baseline_7,7,toni,True,410,345.3544198340,stimulus,
baseline_7,7,toni, True,410,346.0222539510,tap,s
baseline_7,7,toni,True,411,346.1045637170,stimulus,
baseline_7,7,toni, True,411,346.7981890020,tap,l
baseline_7,7,toni,True,412,346.8546807240,stimulus,
baseline_7,7,toni,True,413,347.6047797950,stimulus,
baseline_7,7,toni, True,413,347.6145807460,tap,l
baseline_7,7,toni, True,413,348.3263938450,tap,s
baseline_7,7,toni,True,414,348.3548662690,stimulus,
baseline_7,7,toni,True,415,349.1049514780,stimulus,
baseline_7,7,toni, True,415,349.1105449870,tap,s
baseline_7,7,toni, True,415,349.7985148600,tap,s
baseline_7,7,toni,True,416,349.8550767630,stimulus,
baseline_7,7,toni, True,416,350.5822847420,tap,s
baseline_7,7,toni,True,417,350.6051827580,stimulus,
baseline_7,7,toni, True,417,351.2702382090,tap,l
baseline_7,7,toni,True,418,351.3553668500,stimulus,
baseline_7,7,toni, True,418,352.0942833110,tap,l
baseline_7,7,toni,True,419,352.1054013540,stimulus,
baseline_7,7,toni, True,419,352.7983710440,tap,l
baseline_7,7,toni,True,420,352.8555481740,stimulus,
baseline_7,7,toni, True,420,353.5906378110,tap,l
baseline_7,7,toni,True,421,353.6056456030,stimulus,
baseline_7,7,toni,True,422,354.3557774640,stimulus,
baseline_7,7,toni, True,422,354.3983860610,tap,s
baseline_7,7,toni,True,423,355.1059121210,stimulus,
baseline_7,7,toni, True,423,355.1264188360,tap,l
baseline_7,7,toni, True,423,355.7664188840,tap,s
baseline_7,7,toni,True,424,355.8560073230,stimulus,
baseline_7,7,toni, True,424,356.5985070460,tap,l
baseline_7,7,toni,True,425,356.6061043490,stimulus,
baseline_7,7,toni,True,426,357.3561862440,stimulus,
baseline_7,7,toni, True,426,357.4143720420,tap,l
baseline_7,7,toni,True,427,358.1062979320,stimulus,
baseline_7,7,toni, True,427,358.1343737240,tap,l
baseline_7,7,toni,True,428,358.8564270270,stimulus,
baseline_7,7,toni, True,428,358.8782612650,tap,l
baseline_7,7,toni,True,429,359.6065558270,stimulus,
baseline_7,7,toni, True,429,359.6144866680,tap,s
baseline_7,7,toni,True,430,360.3566586060,stimulus,
baseline_7,7,toni, True,430,360.4142043310,tap,l
baseline_7,7,toni, True,430,361.0785955110,tap,l
baseline_7,7,toni,True,431,361.1067357440,stimulus,
baseline_7,7,toni,True,432,361.8568368350,stimulus,
baseline_7,7,toni,True,433,362.6069614390,stimulus,
baseline_7,7,toni, True,433,362.7744145190,tap,l
baseline_7,7,toni,True,434,363.3571053810,stimulus,
baseline_7,7,toni, True,434,363.3822827000,tap,l
baseline_7,7,toni, True,434,364.0303895320,tap,l
baseline_7,7,toni,True,435,364.1072101430,stimulus,
baseline_7,7,toni, True,435,364.8542406960,tap,l
baseline_7,7,toni,True,436,364.8573008580,stimulus,
baseline_7,7,toni, True,436,365.5823832210,tap,s
baseline_7,7,toni,True,437,365.6074144430,stimulus,
baseline_7,7,toni, True,437,366.3423838630,tap,s
baseline_7,7,toni,True,438,366.3575246110,stimulus,
baseline_7,7,toni, True,438,367.0786363330,tap,l
baseline_7,7,toni,True,439,367.1076635670,stimulus,
baseline_7,7,toni,True,440,367.8577897340,stimulus,
baseline_7,7,toni, True,440,367.8704611230,tap,s
baseline_7,7,toni,True,441,368.6079254230,stimulus,
baseline_7,7,toni, True,441,368.6304495070,tap,l
baseline_7,7,toni,True,442,369.3580551400,stimulus,
baseline_7,7,toni, True,442,369.4142247390,tap,l
baseline_7,7,toni,True,443,370.1081369130,stimulus,
baseline_7,7,toni, True,443,370.1182959060,tap,s
baseline_7,7,toni, True,443,370.8382110620,tap,s
baseline_7,7,toni,True,444,370.8582239660,stimulus,
baseline_7,7,toni,True,445,371.6083027860,stimulus,
baseline_7,7,toni, True,445,371.6224023540,tap,l
baseline_7,7,toni, True,445,372.3343325980,tap,s
baseline_7,7,toni,True,446,372.3583745420,stimulus,
baseline_7,7,toni,True,447,376.7796243460,probe_task,2
baseline_7,7,toni, True,447,377.2475218360,probe_intention,2
baseline_7,7,toni,True,448,381.0297832780,stimulus,
baseline_7,7,toni, True,448,381.2066705440,tap,l
baseline_7,7,toni, True,448,381.7503896350,tap,s
baseline_7,7,toni,True,449,381.7797260160,stimulus,
baseline_7,7,toni, True,449,382.4624694150,tap,s
baseline_7,7,toni,True,450,382.5298551940,stimulus,
baseline_7,7,toni, True,450,383.2462639940,tap,s
baseline_7,7,toni,True,451,383.2799932290,stimulus,
baseline_7,7,toni, True,451,384.0308396050,tap,l
baseline_7,7,toni,True,452,384.0311349170,stimulus,
baseline_7,7,toni, True,452,384.7504679620,tap,s
baseline_7,7,toni,True,453,384.7812618020,stimulus,
baseline_7,7,toni,True,454,385.5314412090,stimulus,
baseline_7,7,toni, True,454,385.5344762340,tap,s
baseline_7,7,toni, True,454,386.1503886840,tap,l
baseline_7,7,toni,True,455,386.2815093030,stimulus,
baseline_7,7,toni, True,455,386.9265258530,tap,s
baseline_7,7,toni,True,456,387.0315785710,stimulus,
baseline_7,7,toni, True,456,387.7263198660,tap,s
baseline_7,7,toni,True,457,387.7816957710,stimulus,
baseline_7,7,toni, True,457,388.4624858960,tap,l
baseline_7,7,toni,True,458,388.5318075040,stimulus,
baseline_7,7,toni, True,458,389.1903619040,tap,s
baseline_7,7,toni,True,459,389.2819049340,stimulus,
baseline_7,7,toni, True,459,390.0223169240,tap,l
baseline_7,7,toni,True,460,390.0319664800,stimulus,
baseline_7,7,toni, True,460,390.7583414600,tap,s
baseline_7,7,toni,True,461,390.7820660610,stimulus,
baseline_7,7,toni, True,461,391.4946049990,tap,s
baseline_7,7,toni,True,462,391.5321884240,stimulus,
baseline_7,7,toni, True,462,392.2465367600,tap,s
baseline_7,7,toni,True,463,392.2823319700,stimulus,
baseline_7,7,toni, True,463,392.9665780750,tap,s
baseline_7,7,toni,True,464,393.0324183400,stimulus,
baseline_7,7,toni, True,464,393.6863155290,tap,l
baseline_7,7,toni,True,465,393.7826005630,stimulus,
baseline_7,7,toni, True,465,394.4464052600,tap,s
baseline_7,7,toni,True,466,394.5326208650,stimulus,
baseline_7,7,toni, True,466,395.2307856910,tap,s
baseline_7,7,toni,True,467,395.2827610170,stimulus,
baseline_7,7,toni, True,467,396.0223487110,tap,l
baseline_7,7,toni,True,468,396.0328749660,stimulus,
baseline_7,7,toni, True,468,396.7663927540,tap,s
baseline_7,7,toni,True,469,396.7829893050,stimulus,
baseline_7,7,toni, True,469,397.5105745680,tap,l
baseline_7,7,toni,True,470,397.5330988670,stimulus,
baseline_7,7,toni, True,470,398.1742683110,tap,l
baseline_7,7,toni,True,471,398.2832333150,stimulus,
baseline_7,7,toni, True,471,398.9744444340,tap,l
baseline_7,7,toni,True,472,399.0333329900,stimulus,
baseline_7,7,toni,True,473,399.7834458700,stimulus,
baseline_7,7,toni, True,473,399.7981945190,tap,s
baseline_7,7,toni, True,473,400.5184624130,tap,s
baseline_7,7,toni,True,474,400.5335923020,stimulus,
baseline_7,7,toni, True,474,401.2384933450,tap,l
baseline_7,7,toni,True,475,401.2837020330,stimulus,
baseline_7,7,toni, True,475,401.9904366900,tap,l
baseline_7,7,toni,True,476,402.0337898000,stimulus,
baseline_7,7,toni, True,476,402.7262769410,tap,s
baseline_7,7,toni,True,477,402.7839420930,stimulus,
baseline_7,7,toni,True,478,403.5340144810,stimulus,
baseline_7,7,toni, True,478,403.9503398670,tap,s
baseline_7,7,toni,True,479,404.2840874410,stimulus,
baseline_7,7,toni, True,479,404.3021879360,tap,l
baseline_7,7,toni,True,480,405.0341737260,stimulus,
baseline_7,7,toni, True,480,405.0622415020,tap,s
baseline_7,7,toni,True,481,405.7843003690,stimulus,
baseline_7,7,toni, True,481,405.8302835340,tap,s
baseline_7,7,toni, True,481,406.5023027330,tap,l
baseline_7,7,toni,True,482,406.5344355180,stimulus,
baseline_7,7,toni, True,482,407.2623031760,tap,s
baseline_7,7,toni,True,483,407.2846301300,stimulus,
baseline_7,7,toni,True,484,408.0346334800,stimulus,
baseline_7,7,toni, True,484,408.0466094240,tap,l
baseline_7,7,toni, True,484,408.7822463620,tap,l
baseline_7,7,toni,True,485,408.7847051240,stimulus,
baseline_7,7,toni, True,485,409.5104257440,tap,l
baseline_7,7,toni,True,486,409.5348173720,stimulus,
baseline_7,7,toni, True,486,410.1583315360,tap,s
baseline_7,7,toni,True,487,410.2850010030,stimulus,
baseline_7,7,toni, True,487,410.9987232900,tap,s
baseline_7,7,toni,True,488,411.0350953380,stimulus,
baseline_7,7,toni, True,488,411.7422753120,tap,l
baseline_7,7,toni,True,489,411.7852360060,stimulus,
baseline_7,7,toni,True,490,412.5352927310,stimulus,
baseline_7,7,toni, True,490,412.6063315050,tap,l
baseline_7,7,toni,True,491,413.2853907400,stimulus,
baseline_7,7,toni, True,491,413.5345855870,tap,l
baseline_7,7,toni,True,492,414.0355028460,stimulus,
baseline_7,7,toni, True,492,414.1984692770,tap,l
baseline_7,7,toni, True,492,414.6782746530,tap,l
baseline_7,7,toni,True,493,414.7855891190,stimulus,
baseline_7,7,toni, True,493,415.4943220090,tap,l
baseline_7,7,toni,True,494,415.5356977640,stimulus,
baseline_7,7,toni, True,494,416.2063455050,tap,s
baseline_7,7,toni,True,495,416.2858141080,stimulus,
baseline_7,7,toni,True,496,417.0360568620,stimulus,
baseline_7,7,toni, True,496,417.0387741730,tap,l
baseline_7,7,toni, True,496,417.0702451100,tap,s
baseline_7,7,toni,True,497,417.7860992820,stimulus,
baseline_7,7,toni, True,497,417.7902800760,tap,s
baseline_7,7,toni, True,497,418.5263365960,tap,s
baseline_7,7,toni,True,498,418.5361696880,stimulus,
baseline_7,7,toni, True,498,419.2462825450,tap,l
baseline_7,7,toni,True,499,419.2862888480,stimulus,
baseline_7,7,toni,True,500,420.0363655670,stimulus,
baseline_7,7,toni, True,500,420.0464199770,tap,s
baseline_7,7,toni, True,500,420.7822680750,tap,s
baseline_7,7,toni,True,501,420.7864740600,stimulus,
baseline_7,7,toni, True,501,421.4703120010,tap,l
baseline_7,7,toni,True,502,421.5366247070,stimulus,
baseline_7,7,toni,True,503,422.2867176000,stimulus,
baseline_7,7,toni, True,503,422.2945993880,tap,l
baseline_7,7,toni,True,504,423.0368057480,stimulus,
baseline_7,7,toni, True,504,423.0543321990,tap,s
baseline_7,7,toni, True,504,423.7585417220,tap,s
baseline_7,7,toni,True,505,423.7869409060,stimulus,
baseline_7,7,toni, True,505,424.5104190880,tap,l
baseline_7,7,toni,True,506,427.4456539930,probe_task,1
baseline_7,7,toni, True,506,432.1800566520,probe_intention,2
baseline_7,7,toni,True,507,435.9622985290,stimulus,
baseline_7,7,toni, True,507,436.1748341870,tap,l
baseline_7,7,toni,True,508,436.7123556150,stimulus,
baseline_7,7,toni, True,508,436.7502671170,tap,s
baseline_7,7,toni, True,508,437.4224519250,tap,s
baseline_7,7,toni,True,509,437.4624551820,stimulus,
baseline_7,7,toni, True,509,438.1183313480,tap,s
baseline_7,7,toni,True,510,438.2125636190,stimulus,
baseline_7,7,toni,True,511,438.9626872440,stimulus,
baseline_7,7,toni, True,511,438.9743435830,tap,l
baseline_7,7,toni, True,511,439.6463139440,tap,s
baseline_7,7,toni,True,512,439.7127677250,stimulus,
baseline_7,7,toni, True,512,440.4385021140,tap,s
baseline_7,7,toni,True,513,440.4628779220,stimulus,
baseline_7,7,toni, True,513,441.1582313990,tap,l
baseline_7,7,toni,True,514,441.2130315740,stimulus,
baseline_7,7,toni, True,514,441.9345141260,tap,s
baseline_7,7,toni,True,515,441.9631031960,stimulus,
baseline_7,7,toni, True,515,442.6066126240,tap,s
baseline_7,7,toni,True,516,442.7132585940,stimulus,
baseline_7,7,toni, True,516,443.4147969690,tap,l
baseline_7,7,toni,True,517,443.4633784390,stimulus,
baseline_7,7,toni,True,518,444.2135241810,stimulus,
baseline_7,7,toni, True,518,444.2224389920,tap,s
baseline_7,7,toni, True,518,444.8869420330,tap,s
baseline_7,7,toni,True,519,444.9635943820,stimulus,
baseline_7,7,toni, True,519,445.5982372520,tap,s
baseline_7,7,toni,True,520,445.7136993510,stimulus,
baseline_7,7,toni, True,520,446.3263084890,tap,l
baseline_7,7,toni,True,521,446.4638069760,stimulus,
baseline_7,7,toni, True,521,447.1342524340,tap,s
baseline_7,7,toni,True,522,447.2138898500,stimulus,
baseline_7,7,toni, True,522,447.8944364450,tap,s
baseline_7,7,toni,True,523,447.9639609980,stimulus,
baseline_7,7,toni, True,523,448.6707045270,tap,s
baseline_7,7,toni,True,524,448.7140894290,stimulus,
baseline_7,7,toni, True,524,449.3423652840,tap,s
baseline_7,7,toni,True,525,449.4641546450,stimulus,
baseline_7,7,toni, True,525,450.1424375910,tap,l
baseline_7,7,toni,True,526,450.2143025870,stimulus,
baseline_7,7,toni, True,526,450.9183812510,tap,s
baseline_7,7,toni,True,527,450.9644130270,stimulus,
baseline_7,7,toni, True,527,451.6463306270,tap,s
baseline_7,7,toni,True,528,451.7145081510,stimulus,
baseline_7,7,toni, True,528,452.4623345000,tap,l
baseline_7,7,toni,True,529,452.4646169830,stimulus,
baseline_7,7,toni, True,529,453.1662102220,tap,s
baseline_7,7,toni,True,530,453.2147428110,stimulus,
baseline_7,7,toni, True,530,453.8785430980,tap,l
baseline_7,7,toni,True,531,453.9648949110,stimulus,
baseline_7,7,toni, True,531,454.6384926970,tap,s
baseline_7,7,toni,True,532,454.7149584180,stimulus,
baseline_7,7,toni, True,532,455.4064010730,tap,s
baseline_7,7,toni,True,533,455.4650833320,stimulus,
baseline_7,7,toni, True,533,456.1742529070,tap,l
baseline_7,7,toni,True,534,456.2152047810,stimulus,
baseline_7,7,toni, True,534,456.9345034190,tap,l
baseline_7,7,toni,True,535,456.9652855080,stimulus,
baseline_7,7,toni,True,536,457.7154222010,stimulus,
baseline_7,7,toni, True,536,457.7185008090,tap,s
baseline_7,7,toni, True,536,458.3983815660,tap,s
baseline_7,7,toni,True,537,458.4655565100,stimulus,
baseline_7,7,toni, True,537,459.1584844820,tap,l
baseline_7,7,toni,True,538,459.2156680600,stimulus,
baseline_7,7,toni, True,538,459.8945438760,tap,s
baseline_7,7,toni,True,539,459.9657513830,stimulus,
baseline_7,7,toni, True,539,460.6543510020,tap,s
baseline_7,7,toni,True,540,460.7158643830,stimulus,
baseline_7,7,toni,True,541,461.4659492160,stimulus,
baseline_7,7,toni, True,541,461.4943667610,tap,l
baseline_7,7,toni, True,541,462.1823985620,tap,s
baseline_7,7,toni,True,542,462.2160336470,stimulus,
baseline_7,7,toni, True,542,462.9506174180,tap,l
baseline_7,7,toni,True,543,462.9661283680,stimulus,
baseline_7,7,toni, True,543,463.6222105220,tap,s
baseline_7,7,toni,True,544,463.7162560450,stimulus,
baseline_7,7,toni, True,544,464.4308540120,tap,s
baseline_7,7,toni,True,545,464.4663733780,stimulus,
baseline_7,7,toni, True,545,465.1343453590,tap,l
baseline_7,7,toni,True,546,465.2164878360,stimulus,
baseline_7,7,toni, True,546,465.9503694650,tap,l
baseline_7,7,toni,True,547,465.9665636410,stimulus,
baseline_7,7,toni,True,548,466.7166460130,stimulus,
baseline_7,7,toni, True,548,466.7422636320,tap,s
baseline_7,7,toni,True,549,467.4667492380,stimulus,
baseline_7,7,toni, True,549,467.4705656630,tap,l
baseline_7,7,toni, True,549,468.1823327720,tap,s
baseline_7,7,toni,True,550,468.2168425340,stimulus,
baseline_7,7,toni, True,550,468.8543305570,tap,s
baseline_7,7,toni,True,551,468.9669678140,stimulus,
baseline_7,7,toni, True,551,469.6543387180,tap,s
baseline_7,7,toni,True,552,469.7170911070,stimulus,
baseline_7,7,toni, True,552,470.4302902090,tap,l
baseline_7,7,toni,True,553,470.4671798640,stimulus,
baseline_7,7,toni,True,554,471.2172787420,stimulus,
baseline_7,7,toni, True,554,471.2463170920,tap,l
baseline_7,7,toni, True,554,471.9183211530,tap,l
baseline_7,7,toni,True,555,471.9673619280,stimulus,
baseline_7,7,toni, True,555,472.7023045460,tap,s
baseline_7,7,toni,True,556,472.7174794400,stimulus,
baseline_7,7,toni,True,557,473.4675868050,stimulus,
baseline_7,7,toni, True,557,473.5024892990,tap,l
baseline_7,7,toni,True,558,474.2176720630,stimulus,
baseline_7,7,toni, True,558,474.2464125330,tap,l
baseline_7,7,toni,True,559,474.9677547660,stimulus,
baseline_7,7,toni, True,559,475.0063788600,tap,s
baseline_7,7,toni,True,560,475.7178543360,stimulus,
baseline_7,7,toni, True,560,475.7743691350,tap,l
baseline_7,7,toni,True,561,476.4679988700,stimulus,
baseline_7,7,toni, True,561,476.4943621590,tap,s
baseline_7,7,toni,True,562,477.2180800940,stimulus,
baseline_7,7,toni, True,562,477.2387322120,tap,l
baseline_7,7,toni, True,562,477.9423284200,tap,l
baseline_7,7,toni,True,563,477.9681697480,stimulus,
baseline_7,7,toni, True,563,478.6622691130,tap,l
baseline_7,7,toni,True,564,478.7183325090,stimulus,
baseline_7,7,toni, True,564,479.3023038140,tap,l
baseline_7,7,toni,True,565,479.4683751430,stimulus,
baseline_7,7,toni, True,565,480.1107752260,tap,l
baseline_7,7,toni,True,566,480.2185229060,stimulus,
baseline_7,7,toni, True,566,480.9104666730,tap,l
baseline_7,7,toni,True,567,480.9685620850,stimulus,
baseline_7,7,toni, True,567,481.3502919170,tap,s
baseline_7,7,toni,True,568,481.7186956710,stimulus,
baseline_7,7,toni,True,569,482.4687906870,stimulus,
baseline_7,7,toni, True,569,482.4704243860,tap,s
baseline_7,7,toni, True,569,483.1743183120,tap,s
baseline_7,7,toni,True,570,483.2189349580,stimulus,
baseline_7,7,toni, True,570,483.9425937050,tap,l
baseline_7,7,toni,True,571,483.9690275490,stimulus,
baseline_7,7,toni,True,572,484.7191389640,stimulus,
baseline_7,7,toni, True,572,484.7343161590,tap,s
baseline_7,7,toni,True,573,485.4692361960,stimulus,
baseline_7,7,toni, True,573,485.5345422380,tap,s
baseline_7,7,toni,True,574,486.2193603010,stimulus,
baseline_7,7,toni, True,574,486.2942473230,tap,l
baseline_7,7,toni,True,575,486.9694604980,stimulus,
baseline_7,7,toni, True,575,486.9986282620,tap,s
baseline_7,7,toni,True,576,487.7195450220,stimulus,
baseline_7,7,toni, True,576,487.7664129800,tap,s
baseline_7,7,toni,True,577,488.4696635590,stimulus,
baseline_7,7,toni, True,577,488.5264673730,tap,l
baseline_7,7,toni,True,578,489.2197373410,stimulus,
baseline_7,7,toni, True,578,489.2542783080,tap,l
baseline_7,7,toni, True,578,489.9503005020,tap,s
baseline_7,7,toni,True,579,489.9698618540,stimulus,
baseline_7,7,toni,True,580,490.7199648890,stimulus,
baseline_7,7,toni, True,580,490.7345821210,tap,l
baseline_7,7,toni, True,580,491.4546014410,tap,s
baseline_7,7,toni,True,581,491.4700594120,stimulus,
baseline_7,7,toni, True,581,492.1986322210,tap,l
baseline_7,7,toni,True,582,492.2201983650,stimulus,
baseline_7,7,toni, True,582,492.9424503990,tap,s
baseline_7,7,toni,True,583,492.9702784930,stimulus,
baseline_7,7,toni, True,583,493.6704012940,tap,s
baseline_7,7,toni,True,584,493.7204130340,stimulus,
baseline_7,7,toni, True,584,494.4306253340,tap,l
baseline_7,7,toni,True,585,494.4704782090,stimulus,
baseline_7,7,toni, True,585,495.1744855400,tap,s
baseline_7,7,toni,True,586,495.2206091220,stimulus,
baseline_7,7,toni,True,587,495.9706977670,stimulus,
baseline_7,7,toni, True,587,496.0064319520,tap,l
baseline_7,7,toni, True,587,496.7183957330,tap,l
baseline_7,7,toni,True,588,501.6935877700,probe_task,1
baseline_7,7,toni, True,588,502.0458052640,probe_intention,2
baseline_7,7,toni,True,589,505.8281170540,stimulus,
baseline_7,7,toni, True,589,506.0146819130,tap,l
baseline_7,7,toni,True,590,506.5781791810,stimulus,
baseline_7,7,toni, True,590,506.5984714110,tap,s
baseline_7,7,toni,True,591,507.3283148420,stimulus,
baseline_7,7,toni, True,591,507.3425090610,tap,s
baseline_7,7,toni, True,591,508.0063374230,tap,l
baseline_7,7,toni,True,592,508.0784079340,stimulus,
baseline_7,7,toni, True,592,508.7263927310,tap,s
baseline_7,7,toni,True,593,508.8285032160,stimulus,
baseline_7,7,toni, True,593,509.4867184150,tap,l
baseline_7,7,toni,True,594,509.5785929240,stimulus,
baseline_7,7,toni, True,594,510.2304744540,tap,s
baseline_7,7,toni,True,595,510.3286936190,stimulus,
baseline_7,7,toni, True,595,511.0783796610,tap,s
baseline_7,7,toni,True,596,511.0787814120,stimulus,
baseline_7,7,toni, True,596,511.7585250900,tap,l
baseline_7,7,toni,True,597,511.8288979460,stimulus,
baseline_7,7,toni, True,597,512.5103037020,tap,s
baseline_7,7,toni,True,598,512.5790102440,stimulus,
baseline_7,7,toni, True,598,513.2783240270,tap,s
baseline_7,7,toni,True,599,513.3291280980,stimulus,
baseline_7,7,toni,True,600,514.0792458480,stimulus,
baseline_7,7,toni, True,600,514.1103109000,tap,s
baseline_7,7,toni, True,600,514.7982820410,tap,l
baseline_7,7,toni,True,601,514.8293551660,stimulus,
baseline_7,7,toni, True,601,515.5184265160,tap,l
baseline_7,7,toni,True,602,515.5794660290,stimulus,
baseline_7,7,toni, True,602,516.3103462490,tap,l
baseline_7,7,toni,True,603,516.3295758940,stimulus,
baseline_7,7,toni, True,603,517.0702922430,tap,l
baseline_7,7,toni,True,604,517.0797060070,stimulus,
baseline_7,7,toni, True,604,517.7183446710,tap,s
baseline_7,7,toni,True,605,517.8297925460,stimulus,
baseline_7,7,toni, True,605,518.5421765990,tap,l
baseline_7,7,toni,True,606,518.5799348820,stimulus,
baseline_7,7,toni,True,607,519.3299961260,stimulus,
baseline_7,7,toni, True,607,519.4143675340,tap,l
baseline_7,7,toni, True,607,520.0622629240,tap,s
baseline_7,7,toni,True,608,520.0801138400,stimulus,
baseline_7,7,toni, True,608,520.7662655740,tap,l
baseline_7,7,toni,True,609,520.8302120840,stimulus,
baseline_7,7,toni, True,609,521.5663155310,tap,l
baseline_7,7,toni,True,610,521.5803636390,stimulus,
baseline_7,7,toni, True,610,522.2544258530,tap,l
baseline_7,7,toni,True,611,522.3304275930,stimulus,
baseline_7,7,toni, True,611,523.0222420340,tap,l
baseline_7,7,toni,True,612,523.0805598560,stimulus,
baseline_7,7,toni, True,612,523.8063340310,tap,s
baseline_7,7,toni,True,613,523.8306688960,stimulus,
baseline_7,7,toni, True,613,524.5745404160,tap,s
baseline_7,7,toni,True,614,524.5807856940,stimulus,
baseline_7,7,toni, True,614,525.2624932780,tap,l
baseline_7,7,toni,True,615,525.3308848710,stimulus,
baseline_7,7,toni,True,616,526.0810203460,stimulus,
baseline_7,7,toni, True,616,526.0863928490,tap,s
baseline_7,7,toni, True,616,526.7025998850,tap,s
baseline_7,7,toni,True,617,526.8311072360,stimulus,
baseline_7,7,toni,True,618,527.5812020270,stimulus,
baseline_7,7,toni, True,618,527.5982919630,tap,l
baseline_7,7,toni, True,618,528.3105869350,tap,l
baseline_7,7,toni,True,619,528.3312798000,stimulus,
baseline_7,7,toni,True,620,529.0814125410,stimulus,
baseline_7,7,toni, True,620,529.1104326820,tap,s
baseline_7,7,toni,True,621,529.8315441350,stimulus,
baseline_7,7,toni, True,621,529.8463253140,tap,s
baseline_7,7,toni,True,622,530.5816734920,stimulus,
baseline_7,7,toni, True,622,530.5983320070,tap,l
baseline_7,7,toni,True,623,531.3317765600,stimulus,
baseline_7,7,toni, True,623,531.3825644330,tap,l
baseline_7,7,toni,True,624,532.0818913450,stimulus,
baseline_7,7,toni, True,624,532.1503179580,tap,l
baseline_7,7,toni,True,625,532.8320212990,stimulus,
baseline_7,7,toni, True,625,532.8862712350,tap,s
baseline_7,7,toni,True,626,533.5821447070,stimulus,
baseline_7,7,toni, True,626,533.5902242160,tap,l
baseline_7,7,toni,True,627,534.3322440970,stimulus,
baseline_7,7,toni,True,628,535.0823000400,stimulus,
baseline_7,7,toni, True,628,535.1026403030,tap,l
baseline_7,7,toni, True,628,535.6461958710,tap,s
baseline_7,7,toni,True,629,535.8324221930,stimulus,
baseline_7,7,toni, True,629,536.5584150670,tap,s
baseline_7,7,toni,True,630,536.5825450980,stimulus,
baseline_7,7,toni, True,630,537.2863605000,tap,s
baseline_7,7,toni,True,631,537.3326301820,stimulus,
baseline_7,7,toni, True,631,537.9583725170,tap,l
baseline_7,7,toni,True,632,538.0827089410,stimulus,
baseline_7,7,toni,True,633,538.8328301320,stimulus,
baseline_7,7,toni, True,633,538.9263342610,tap,l
baseline_7,7,toni,True,634,539.5829064990,stimulus,
baseline_7,7,toni, True,634,539.6066330660,tap,l
baseline_7,7,toni, True,634,540.2144083370,tap,s
baseline_7,7,toni,True,635,540.3330030530,stimulus,
baseline_7,7,toni, True,635,541.0463862490,tap,l
baseline_7,7,toni,True,636,541.0830711340,stimulus,
baseline_7,7,toni, True,636,541.7663377160,tap,s
baseline_7,7,toni,True,637,541.8331583540,stimulus,
baseline_7,7,toni, True,637,542.5822919530,tap,s
baseline_7,7,toni,True,638,542.5832168980,stimulus,
baseline_7,7,toni,True,639,543.3333500130,stimulus,
baseline_7,7,toni, True,639,543.3825716440,tap,l
baseline_7,7,toni, True,639,544.0143671110,tap,s
baseline_7,7,toni,True,640,544.0834085590,stimulus,
baseline_7,7,toni,True,641,544.8334754930,stimulus,
baseline_7,7,toni, True,641,544.8545681700,tap,l
baseline_7,7,toni, True,641,545.5343328990,tap,s
baseline_7,7,toni,True,642,545.5835727380,stimulus,
baseline_7,7,toni, True,642,546.3342782670,tap,l
baseline_7,7,toni,True,643,546.3345742150,stimulus,
baseline_7,7,toni, True,643,547.0788893990,tap,s
baseline_7,7,toni,True,644,547.0846489280,stimulus,
baseline_7,7,toni,True,645,547.8347691720,stimulus,
baseline_7,7,toni, True,645,547.8547238390,tap,l
baseline_7,7,toni, True,645,548.5825709780,tap,l
baseline_7,7,toni,True,646,548.5848529870,stimulus,
baseline_7,7,toni,True,647,549.3350013670,stimulus,
baseline_7,7,toni, True,647,549.3583445110,tap,l
baseline_7,7,toni, True,647,550.0786677920,tap,l
baseline_7,7,toni,True,648,550.0851269990,stimulus,
baseline_7,7,toni, True,648,550.8224388900,tap,s
baseline_7,7,toni,True,649,550.8352067050,stimulus,
baseline_7,7,toni,True,650,551.5853272170,stimulus,
baseline_7,7,toni, True,650,551.6143215380,tap,s
baseline_7,7,toni,True,651,552.3354510150,stimulus,
baseline_7,7,toni, True,651,552.3582688870,tap,s
baseline_7,7,toni, True,651,553.0064490150,tap,l
baseline_7,7,toni,True,652,553.0855738480,stimulus,
baseline_7,7,toni, True,652,553.8303857010,tap,s
baseline_7,7,toni,True,653,553.8356183580,stimulus,
baseline_7,7,toni,True,654,554.5857851050,stimulus,
baseline_7,7,toni, True,654,554.6145697630,tap,s
baseline_7,7,toni, True,654,555.2863148630,tap,l
baseline_7,7,toni,True,655,555.3358755330,stimulus,
baseline_7,7,toni, True,655,556.0864809540,tap,s
baseline_7,7,toni,True,656,556.0867663420,stimulus,
baseline_7,7,toni, True,656,556.8222742610,tap,l
baseline_7,7,toni,True,657,556.8369195400,stimulus,
baseline_7,7,toni,True,658,557.5870391910,stimulus,
baseline_7,7,toni, True,658,557.6146311100,tap,s
baseline_7,7,toni,True,659,558.3371264790,stimulus,
baseline_7,7,toni, True,659,558.3822497970,tap,l
baseline_7,7,toni,True,660,559.0872168170,stimulus,
baseline_7,7,toni, True,660,559.1184901290,tap,l
baseline_7,7,toni,True,661,559.8373556430,stimulus,
baseline_7,7,toni, True,661,559.8623907620,tap,s
baseline_7,7,toni,True,662,560.5874816300,stimulus,
baseline_7,7,toni, True,662,560.6305690580,tap,s
baseline_7,7,toni,True,663,561.3375822950,stimulus,
baseline_7,7,toni, True,663,561.4704817360,tap,s
baseline_7,7,toni,True,664,562.0877004040,stimulus,
baseline_7,7,toni, True,664,562.1107110920,tap,l
baseline_7,7,toni,True,665,562.8378583360,stimulus,
baseline_7,7,toni, True,665,562.9106271320,tap,l
baseline_7,7,toni,True,666,563.5879476680,stimulus,
baseline_7,7,toni, True,666,563.6383613690,tap,s
baseline_7,7,toni, True,666,564.3344005590,tap,l
baseline_7,7,toni,True,667,564.3381429140,stimulus,
baseline_7,7,toni, True,667,564.9984261650,tap,s
baseline_7,7,toni,True,668,565.0882089410,stimulus,
baseline_7,7,toni, True,668,565.7904012830,tap,l
baseline_7,7,toni,True,669,565.8383436990,stimulus,
baseline_7,7,toni, True,669,566.5745506100,tap,l
baseline_7,7,toni,True,670,566.5884683260,stimulus,
baseline_7,7,toni,True,671,567.3385249940,stimulus,
baseline_7,7,toni, True,671,567.3423650650,tap,l
baseline_7,7,toni, True,671,568.0463139530,tap,s
baseline_7,7,toni,True,672,568.0886295910,stimulus,
baseline_7,7,toni, True,672,568.7742323110,tap,l
baseline_7,7,toni,True,673,568.8387324430,stimulus,
baseline_7,7,toni, True,673,569.5665355580,tap,s
baseline_7,7,toni,True,674,569.5888480820,stimulus,
baseline_7,7,toni, True,674,570.2782220690,tap,s
baseline_7,7,toni,True,675,570.3390044360,stimulus,
baseline_7,7,toni, True,675,571.0703426810,tap,l
baseline_7,7,toni,True,676,571.0890924740,stimulus,
baseline_7,7,toni, True,676,571.7662741370,tap,s
baseline_7,7,toni,True,677,571.8392004510,stimulus,
baseline_7,7,toni, True,677,572.5743738220,tap,s
baseline_7,7,toni,True,678,572.5892787800,stimulus,
baseline_7,7,toni,True,679,573.3393899280,stimulus,
baseline_7,7,toni, True,679,573.3825166190,tap,l
baseline_7,7,toni, True,679,574.0545665230,tap,s
baseline_7,7,toni,True,680,574.0894717600,stimulus,
baseline_7,7,toni, True,680,574.7982072940,tap,s
baseline_7,7,toni,True,681,574.8395666830,stimulus,
baseline_7,7,toni, True,681,575.4062452220,tap,l
baseline_7,7,toni,True,682,575.5896826350,stimulus,
baseline_7,7,toni,True,683,576.3398077580,stimulus,
baseline_7,7,toni, True,683,576.3583448540,tap,s
baseline_7,7,toni,True,684,577.0899164270,stimulus,
baseline_7,7,toni, True,684,577.1823268310,tap,s
baseline_7,7,toni, True,684,577.7744019960,tap,s
baseline_7,7,toni,True,685,577.8400151270,stimulus,
baseline_7,7,toni, True,685,578.5182058120,tap,l
baseline_7,7,toni,True,686,578.5901316230,stimulus,
baseline_7,7,toni, True,686,579.3263389560,tap,s
baseline_7,7,toni,True,687,579.3402100740,stimulus,
baseline_7,7,toni, True,687,580.0543424400,tap,s
baseline_7,7,toni,True,688,580.0902850720,stimulus,
baseline_7,7,toni,True,689,580.8404208920,stimulus,
baseline_7,7,toni, True,689,580.8782870120,tap,l
baseline_7,7,toni,True,690,581.5905375790,stimulus,
baseline_7,7,toni, True,690,581.6144127870,tap,s
baseline_7,7,toni, True,690,582.2224354380,tap,l
baseline_7,7,toni,True,691,582.3405896130,stimulus,
baseline_7,7,toni, True,691,582.9822720970,tap,l
baseline_7,7,toni,True,692,583.0907005300,stimulus,
baseline_7,7,toni, True,692,583.7666773170,tap,s
baseline_7,7,toni,True,693,583.8408029670,stimulus,
baseline_7,7,toni, True,693,584.5663435080,tap,l
baseline_7,7,toni,True,694,584.5908991790,stimulus,
baseline_7,7,toni,True,695,585.3410213380,stimulus,
baseline_7,7,toni, True,695,585.3662849400,tap,s
baseline_7,7,toni, True,695,586.0462695040,tap,s
baseline_7,7,toni,True,696,586.0911537920,stimulus,
baseline_7,7,toni, True,696,586.8227169700,tap,l
baseline_7,7,toni,True,697,586.8412676360,stimulus,
baseline_7,7,toni, True,697,587.5907743020,tap,s
baseline_7,7,toni,True,698,587.5913266330,stimulus,
baseline_7,7,toni,True,699,588.3414725910,stimulus,
baseline_7,7,toni, True,699,588.3822684700,tap,s
baseline_7,7,toni,True,700,589.0915697420,stimulus,
baseline_7,7,toni, True,700,589.1183556060,tap,s
baseline_7,7,toni, True,700,589.7664782660,tap,l
baseline_7,7,toni,True,701,589.8416680350,stimulus,
baseline_7,7,toni, True,701,590.5183993070,tap,s
baseline_7,7,toni,True,702,590.5917890560,stimulus,
baseline_7,7,toni,True,703,599.6932218160,probe_task,2
baseline_7,7,toni, True,703,604.5277634030,probe_intention,2
baseline_7,7,toni,True,704,608.3097994500,stimulus,
baseline_7,7,toni, True,704,608.3116772760,tap,l
baseline_7,7,toni,True,705,609.0598752870,stimulus,
baseline_7,7,toni, True,705,609.1584192110,tap,s
baseline_7,7,toni, True,705,609.7984161740,tap,s
baseline_7,7,toni,True,706,609.8100095640,stimulus,
baseline_7,7,toni, True,706,610.5023177730,tap,s
baseline_7,7,toni,True,707,610.5601483140,stimulus,
baseline_7,7,toni, True,707,611.2623972750,tap,l
baseline_7,7,toni,True,708,611.3102173760,stimulus,
baseline_7,7,toni, True,708,612.0383198600,tap,s
baseline_7,7,toni,True,709,612.0603410540,stimulus,
baseline_7,7,toni, True,709,612.7264707580,tap,s
baseline_7,7,toni,True,710,612.8104069490,stimulus,
baseline_7,7,toni, True,710,613.4543412680,tap,s
baseline_7,7,toni,True,711,613.5605222250,stimulus,
baseline_7,7,toni, True,711,614.1582164820,tap,l
baseline_7,7,toni,True,712,614.3106230280,stimulus,
baseline_7,7,toni, True,712,615.0222795250,tap,s
baseline_7,7,toni,True,713,615.0607294620,stimulus,
baseline_7,7,toni, True,713,615.7903512210,tap,s
baseline_7,7,toni,True,714,615.8108959610,stimulus,
baseline_7,7,toni, True,714,616.4703947700,tap,l
baseline_7,7,toni,True,715,616.5609769240,stimulus,
baseline_7,7,toni, True,715,617.2224003630,tap,s
baseline_7,7,toni,True,716,617.3110699340,stimulus,
baseline_7,7,toni, True,716,617.9106213400,tap,l
baseline_7,7,toni,True,717,618.0612191720,stimulus,
baseline_7,7,toni, True,717,618.6303959950,tap,s
baseline_7,7,toni,True,718,618.8113332710,stimulus,
baseline_7,7,toni,True,719,619.5614528260,stimulus,
baseline_7,7,toni, True,719,619.9663055730,tap,s
baseline_7,7,toni,True,720,620.3115799810,stimulus,
baseline_7,7,toni, True,720,620.3421790140,tap,l
baseline_7,7,toni, True,720,620.9822397360,tap,s
baseline_7,7,toni,True,721,621.0617194820,stimulus,
baseline_7,7,toni, True,721,621.7101969130,tap,s
baseline_7,7,toni,True,722,621.8118175780,stimulus,
baseline_7,7,toni, True,722,622.4702862090,tap,s
baseline_7,7,toni,True,723,622.5618822090,stimulus,
baseline_7,7,toni, True,723,623.2624071010,tap,l
baseline_7,7,toni,True,724,623.3120010510,stimulus,
baseline_7,7,toni, True,724,623.8305079690,tap,s
baseline_7,7,toni,True,725,624.0620690530,stimulus,
baseline_7,7,toni, True,725,624.7826044360,tap,s
baseline_7,7,toni,True,726,624.8122070660,stimulus,
baseline_7,7,toni, True,726,625.4943077520,tap,s
baseline_7,7,toni,True,727,625.5622560690,stimulus,
baseline_7,7,toni,True,728,626.3123606130,stimulus,
baseline_7,7,toni, True,728,626.3263579940,tap,s
baseline_7,7,toni, True,728,627.0548794840,tap,s
baseline_7,7,toni,True,729,627.0624556740,stimulus,
baseline_7,7,toni,True,730,627.8126358650,stimulus,
baseline_7,7,toni, True,730,628.1503310430,tap,l
baseline_7,7,toni,True,731,628.5628077840,stimulus,
baseline_7,7,toni, True,731,628.6703224690,tap,l
baseline_7,7,toni,True,732,629.3128133600,stimulus,
baseline_7,7,toni, True,732,629.4302880400,tap,l
baseline_7,7,toni,True,733,630.0628891130,stimulus,
baseline_7,7,toni, True,733,630.0781813050,tap,s
baseline_7,7,toni,True,734,630.8130144680,stimulus,
baseline_7,7,toni, True,734,630.8623273970,tap,s
baseline_7,7,toni, True,734,631.5513184070,tap,l
baseline_7,7,toni,True,735,631.5631533880,stimulus,
baseline_7,7,toni,True,736,632.3132871600,stimulus,
baseline_7,7,toni, True,736,632.3425638730,tap,s
baseline_7,7,toni, True,736,633.0302856760,tap,l
baseline_7,7,toni,True,737,633.0633830740,stimulus,
baseline_7,7,toni,True,738,633.8135066780,stimulus,
baseline_7,7,toni, True,738,633.8388655710,tap,s
baseline_7,7,toni, True,738,634.5105953810,tap,l
baseline_7,7,toni,True,739,634.5636252920,stimulus,
baseline_7,7,toni,True,740,635.3137146800,stimulus,
baseline_7,7,toni, True,740,635.3508102730,tap,l
baseline_7,7,toni, True,740,636.0623249700,tap,l
baseline_7,7,toni,True,741,636.0638204120,stimulus,
baseline_7,7,toni, True,741,636.7903063780,tap,s
baseline_7,7,toni,True,742,636.8139178550,stimulus,
baseline_7,7,toni, True,742,637.4542085890,tap,l
baseline_7,7,toni,True,743,637.5640001030,stimulus,
baseline_7,7,toni,True,744,638.3140876920,stimulus,
baseline_7,7,toni, True,744,638.3502985140,tap,s
baseline_7,7,toni, True,744,639.0623854530,tap,l
baseline_7,7,toni,True,745,639.0641920770,stimulus,
baseline_7,7,toni,True,746,639.8143237940,stimulus,
baseline_7,7,toni, True,746,639.8307728440,tap,l
baseline_7,7,toni, True,746,640.5342490060,tap,s
baseline_7,7,toni,True,747,640.5644387050,stimulus,
baseline_7,7,toni,True,748,641.3145313150,stimulus,
baseline_7,7,toni, True,748,641.3902539260,tap,l
baseline_7,7,toni, True,748,642.0382352950,tap,s
baseline_7,7,toni,True,749,642.0646445710,stimulus,
baseline_7,7,toni, True,749,642.8143208230,tap,s
baseline_7,7,toni,True,750,642.8147492950,stimulus,
baseline_7,7,toni, True,750,643.4302777100,tap,l
baseline_7,7,toni,True,751,643.5648664310,stimulus,
baseline_7,7,toni, True,751,644.2784113400,tap,s
baseline_7,7,toni,True,752,644.3149697690,stimulus,
baseline_7,7,toni, True,752,645.0463682440,tap,s
baseline_7,7,toni,True,753,645.0651668680,stimulus,
baseline_7,7,toni,True,754,645.8152430000,stimulus,
baseline_7,7,toni, True,754,645.8306915040,tap,s
baseline_7,7,toni, True,754,646.5344837410,tap,s
baseline_7,7,toni,True,755,646.5653367410,stimulus,
baseline_7,7,toni, True,755,647.3104517680,tap,s
baseline_7,7,toni,True,756,647.3154348070,stimulus,
baseline_7,7,toni,True,757,648.0655474150,stimulus,
baseline_7,7,toni, True,757,648.0704239710,tap,s
baseline_7,7,toni,True,758,648.8156225600,stimulus,
baseline_7,7,toni, True,758,648.8303974920,tap,l
baseline_7,7,toni, True,758,649.5424118280,tap,l
baseline_7,7,toni,True,759,649.5657342430,stimulus,
baseline_7,7,toni,True,760,650.3158086070,stimulus,
baseline_7,7,toni, True,760,650.3584711670,tap,s
baseline_7,7,toni,True,761,651.0658817600,stimulus,
baseline_7,7,toni, True,761,651.0782374870,tap,s
baseline_7,7,toni,True,762,651.8160213180,stimulus,
baseline_7,7,toni, True,762,651.8304842670,tap,s
baseline_7,7,toni, True,762,652.5342645030,tap,s
baseline_7,7,toni,True,763,652.5660940120,stimulus,
baseline_7,7,toni, True,763,653.2784123720,tap,s
baseline_7,7,toni,True,764,653.3162305720,stimulus,
baseline_7,7,toni, True,764,654.0303564550,tap,s
baseline_7,7,toni,True,765,654.0664229060,stimulus,
baseline_7,7,toni,True,766,654.8165174670,stimulus,
baseline_7,7,toni, True,766,655.0705373040,tap,s
baseline_7,7,toni,True,767,655.5666560890,stimulus,
baseline_7,7,toni, True,767,655.6307585170,tap,l
baseline_7,7,toni, True,767,656.2863462520,tap,s
baseline_7,7,toni,True,768,656.3168122840,stimulus,
baseline_7,7,toni, True,768,657.0143653430,tap,s
baseline_7,7,toni,True,769,657.0669060500,stimulus,
baseline_7,7,toni,True,770,657.8170430110,stimulus,
baseline_7,7,toni, True,770,657.8382992360,tap,l
baseline_7,7,toni, True,770,658.5103034830,tap,s
baseline_7,7,toni,True,771,658.5671490410,stimulus,
baseline_7,7,toni, True,771,659.2463934800,tap,s
baseline_7,7,toni,True,772,659.3173144540,stimulus,
baseline_7,7,toni, True,772,660.0546127170,tap,s
baseline_7,7,toni,True,773,660.0673838880,stimulus,
baseline_7,7,toni, True,773,660.7344238030,tap,l
baseline_7,7,toni,True,774,660.8175002630,stimulus,
baseline_7,7,toni, True,774,661.5184316580,tap,s
baseline_7,7,toni,True,775,661.5676026050,stimulus,
baseline_7,7,toni, True,775,662.2863321670,tap,l
baseline_7,7,toni,True,776,662.3177277250,stimulus,
baseline_7,7,toni,True,777,663.0678469500,stimulus,
baseline_7,7,toni, True,777,663.0864549090,tap,l
baseline_7,7,toni,True,778,663.8179176620,stimulus,
baseline_7,7,toni, True,778,663.8863762510,tap,s
baseline_7,7,toni,True,779,664.5680036850,stimulus,
baseline_7,7,toni, True,779,664.5902557140,tap,s
baseline_7,7,toni,True,780,665.3181035890,stimulus,
baseline_7,7,toni, True,780,665.3584676530,tap,l
baseline_7,7,toni,True,781,669.7251921650,probe_task,1
baseline_7,7,toni, True,781,670.9418730200,probe_intention,2
baseline_7,7,toni,True,782,674.7257858710,stimulus,
baseline_7,7,toni, True,782,674.7277677020,tap,l
baseline_7,7,toni, True,782,675.4384070830,tap,l
baseline_7,7,toni,True,783,675.4758510270,stimulus,
baseline_7,7,toni, True,783,676.1584528020,tap,s
baseline_7,7,toni,True,784,676.2259652590,stimulus,
baseline_7,7,toni, True,784,676.9583244850,tap,l
baseline_7,7,toni,True,785,676.9760976010,stimulus,
baseline_7,7,toni, True,785,677.7183783810,tap,s
baseline_7,7,toni,True,786,677.7261501770,stimulus,
baseline_7,7,toni, True,786,678.3664292960,tap,s
baseline_7,7,toni,True,787,678.4762492140,stimulus,
baseline_7,7,toni, True,787,679.1103385220,tap,l
baseline_7,7,toni,True,788,679.2263180270,stimulus,
baseline_7,7,toni, True,788,679.8863864140,tap,s
baseline_7,7,toni,True,789,679.9764352140,stimulus,
baseline_7,7,toni, True,789,680.7103771290,tap,l
baseline_7,7,toni,True,790,680.7265578820,stimulus,
baseline_7,7,toni, True,790,681.4307551720,tap,l
baseline_7,7,toni,True,791,681.4767094050,stimulus,
baseline_7,7,toni, True,791,682.1824289340,tap,s
baseline_7,7,toni,True,792,682.2268462670,stimulus,
baseline_7,7,toni,True,793,682.9769316120,stimulus,
baseline_7,7,toni, True,793,682.9905852870,tap,s
baseline_7,7,toni, True,793,683.6543139070,tap,l
baseline_7,7,toni,True,794,683.7270541950,stimulus,
baseline_7,7,toni,True,795,684.4771435290,stimulus,
baseline_7,7,toni, True,795,684.4867287120,tap,l
baseline_7,7,toni,True,796,685.2272635850,stimulus,
baseline_7,7,toni, True,796,685.2704418780,tap,s
baseline_7,7,toni, True,796,685.9026344720,tap,l
baseline_7,7,toni,True,797,685.9773916170,stimulus,
baseline_7,7,toni, True,797,686.7263664630,tap,l
baseline_7,7,toni,True,798,686.7274515840,stimulus,
baseline_7,7,toni, True,798,687.4705640020,tap,l
baseline_7,7,toni,True,799,687.4775973950,stimulus,
baseline_7,7,toni, True,799,688.1902937270,tap,l
